"","sub","mu_1_htgt/hdst_.2","mu_1_htgt/ldst_.2","mu_1_ltgt/ldst_.2","mu_1_ltgt/hdst_.2","mu_1_htgt/hdst_.5","mu_1_htgt/ldst_.5","mu_1_ltgt/ldst_.5","mu_1_ltgt/hdst_.5","mu_1_htgt/hdst_.8","mu_1_htgt/ldst_.8","mu_1_ltgt/ldst_.8","mu_1_ltgt/hdst_.8","mu_2_htgt/hdst_.2","mu_2_htgt/ldst_.2","mu_2_ltgt/ldst_.2","mu_2_ltgt/hdst_.2","mu_2_htgt/hdst_.5","mu_2_htgt/ldst_.5","mu_2_ltgt/ldst_.5","mu_2_ltgt/hdst_.5","mu_2_htgt/hdst_.8","mu_2_htgt/ldst_.8","mu_2_ltgt/ldst_.8","mu_2_ltgt/hdst_.8","vari_1_htgt/hdst_.2","vari_1_htgt/ldst_.2","vari_1_ltgt/ldst_.2","vari_1_ltgt/hdst_.2","vari_1_htgt/hdst_.5","vari_1_htgt/ldst_.5","vari_1_ltgt/ldst_.5","vari_1_ltgt/hdst_.5","vari_1_htgt/hdst_.8","vari_1_htgt/ldst_.8","vari_1_ltgt/ldst_.8","vari_1_ltgt/hdst_.8","vari_2_htgt/hdst_.2","vari_2_htgt/ldst_.2","vari_2_ltgt/ldst_.2","vari_2_ltgt/hdst_.2","vari_2_htgt/hdst_.5","vari_2_htgt/ldst_.5","vari_2_ltgt/ldst_.5","vari_2_ltgt/hdst_.5","vari_2_htgt/hdst_.8","vari_2_htgt/ldst_.8","vari_2_ltgt/ldst_.8","vari_2_ltgt/hdst_.8"
"1",1,0.446,0.496,0.5215,0.667,0.5055,0.4725,0.502,0.648,0.4465,0.423,0.465,0.47,0.621,0.563,0.704,0.7525,0.533,0.495,0.528,0.61,0.467,0.431,0.451,0.476,0.0230132857142857,0.00661195555555555,0.0305128571428571,0.0191355666666667,0.00938916923076923,0.00522863525641026,0.00606628571428572,0.0110006893939394,0.00357381294452347,0.00670643049932524,0.00431205546218487,0.0166057085020243,0.0189217333333333,0.0113691666666667,0.0227086222222222,0.00592466666666667,0.00996466366366366,0.00849429089615932,0.00575241680672269,0.0164720620782726,0.00428214979757085,0.00497368253968254,0.00387487411095306,0.0196174534534535
"2",2,0.558,0.563,0.65,0.62,0.558,0.615,0.5645,0.6055,0.521,0.529,0.563,0.544,0.5265,0.468,0.582,0.6075,0.555,0.547,0.531,0.534,0.507,0.5035,0.5285,0.527,0.00891314285714286,0.00556298214285714,0.0299016944444444,0.0147541944444444,0.00624431092436975,0.0107863896825397,0.0125537420634921,0.0105247134920635,0.00719489075630252,0.0078883657219973,0.00686562483130904,0.00792362078272604,0.00949507142857143,0.004899,0.0121045714285714,0.0116752678571429,0.00520663361344538,0.010526681511471,0.00443314564564564,0.00854133143669986,0.00343600757575758,0.00602332301587302,0.0102351237553343,0.0105370855855856
"3",3,0.698,0.6,0.588,0.57,0.578,0.554,0.548,0.575,0.5235,0.634,0.5205,0.5705,0.5425,0.504,0.4585,0.714,0.504,0.5255,0.4835,0.591,0.5025,0.5435,0.495,0.54,0.0191384444444444,0.0174269444444444,0.0216647857142857,0.0414826944444444,0.0164347344537815,0.0129428428030303,0.0109408849206349,0.0109533182795699,0.0118794988505747,0.0120649962121212,0.00793413547237077,0.0101125918003565,0.0503893666666667,0.0436799444444444,0.0262942333333333,0.0893574285714286,0.0127780418353576,0.00871919786096257,0.00931602852049911,0.0164185911330049,0.0192300658730159,0.0121841712643678,0.0155528468253968,0.0108269873015873
"4",4,0.5925,0.558,0.485,0.4995,0.511,0.5245,0.489,0.568,0.463,0.463,0.4975,0.5075,0.41,0.47,0.448,0.4425,0.414,0.4235,0.429,0.493,0.407,0.468,0.406,0.437,0.0230973666666667,0.0126410714285714,0.00419447619047619,0.00528346666666667,0.00878673978494624,0.0118587701612903,0.0117179375,0.0170767554112554,0.0066153428030303,0.00763634,0.00844789415322581,0.00518125396825397,0.0150635,0.0020023,0.00117147619047619,0.00662296666666667,0.0110292178030303,0.0110207379032258,0.0051484705882353,0.0153720276679842,0.01086225,0.0108956795698925,0.00876964682539683,0.0122171185770751
"5",5,0.4875,0.4665,0.495,0.534,0.4705,0.516,0.442,0.518,0.431,0.536,0.434,0.521,0.334,0.348,0.3615,0.417,0.364,0.4645,0.3775,0.415,0.356,0.4295,0.3425,0.424,0.00932795555555556,0.0110586666666667,0.00786611111111111,0.00797136666666667,0.015932903968254,0.010489604743083,0.00556735585585586,0.00423487464387464,0.0115617206349206,0.0144069881422925,0.004353669365722,0.011813396011396,0.0159852380952381,0.00286033333333333,0.00447564285714286,0.0102303,0.00510123076923077,0.0105577415384615,0.0114804206773619,0.00735169384057971,0.0117433275862069,0.0161245333333333,0.00833540211640212,0.0159155438596491
"6",6,0.547,0.475,0.5495,0.626,0.496,0.498,0.554,0.5385,0.4805,0.455,0.5255,0.5175,0.538,0.479,0.5555,0.58,0.522,0.5045,0.536,0.597,0.529,0.481,0.514,0.552,0.00206461111111111,0.00451202777777777,0.00487971428571429,0.00981490476190476,0.00577578678678679,0.0190521136363636,0.0145026936936937,0.0228907682539683,0.00582517538461538,0.0124520927419355,0.0179473296370968,0.0191309385026738,0.00939455357142857,0.00591364285714286,0.00472798214285714,0.0096615,0.00526079734848485,0.0145326634920635,0.0142816,0.0232993247311828,0.00889337478991597,0.0102066285714286,0.00677264367816092,0.0107701731092437
"7",7,0.4875,0.609,0.4565,0.732,0.474,0.512,0.5005,0.563,0.471,0.514,0.486,0.56,0.4695,0.526,0.461,0.681,0.4565,0.479,0.4355,0.7485,0.414,0.478,0.4405,0.518,0.00757992857142857,0.0488373333333333,0.00340555357142857,0.0385395833333333,0.0103539159663866,0.007154291005291,0.0142909828629032,0.0459778066666667,0.0098418428030303,0.011346853968254,0.0101145416666667,0.0414088066666667,0.0158359821428571,0.02271125,0.00348966666666667,0.00847033333333333,0.0171993830645161,0.0126188365591398,0.0174070338680927,0.0439357342105263,0.00847229915966386,0.0109151025641026,0.0120613296370968,0.0273684472934473
"8",8,0.504,0.442,0.511,0.657,0.556,0.485,0.512,0.657,0.595,0.487,0.5425,0.628,0.5515,0.47,0.555,0.6325,0.561,0.48,0.521,0.633,0.5435,0.498,0.553,0.616,0.008997,0.00190961111111111,0.00592644444444445,0.0184322380952381,0.0101415402298851,0.0121832521008403,0.0179194474153298,0.0323817635327635,0.02595674,0.0124171893939394,0.0121643315508021,0.0244424580645161,0.0128317666666667,0.000574566666666666,0.0391577,0.0473458392857143,0.0156527692307692,0.0188489791666667,0.0163101674876847,0.0287679173789174,0.0130576653439153,0.0162176096866097,0.0190841666666667,0.031231849002849
"9",9,0.57,0.617,0.553,0.5995,0.48,0.542,0.508,0.556,0.453,0.5075,0.466,0.495,0.302,0.485,0.2615,0.351,0.334,0.36,0.311,0.394,0.2925,0.404,0.302,0.384,0.00997398214285714,0.00611475,0.0145472777777778,0.00332707142857143,0.00859080780780781,0.0121736795698925,0.0105162806722689,0.0202561553030303,0.00700552552552553,0.00983916927453769,0.0124490985155196,0.00707519682539682,0.0608235,0.0412143333333333,0.0105716964285714,0.00595733333333334,0.0126141212121212,0.0215846666666667,0.018576527027027,0.0129871520467836,0.0126330753968254,0.0140298947368421,0.0206312973484848,0.0127774619047619
"10",10,0.525,0.465,0.496,0.547,0.5065,0.402,0.4145,0.485,0.38,0.385,0.3605,0.368,0.5585,0.5065,0.509,0.495,0.424,0.376,0.427,0.5245,0.371,0.365,0.3715,0.384,0.00146696666666667,0.00100233333333333,0.0150755,0.00488580952380952,0.0256494838709677,0.00520378494623656,0.00665843226381462,0.0151994,0.00307974920634921,0.00484673423423424,0.00269751604278075,0.00599498128342246,0.00454907142857143,0.00450769642857143,0.0052385,0.00644966666666667,0.0091369009009009,0.00384040682788051,0.0092996021021021,0.0147089183006536,0.00214203778677463,0.00310311470985155,0.00287148221906117,0.00636061587301587
"11",11,0.412,0.473,0.3885,0.571,0.404,0.4805,0.417,0.517,0.3775,0.421,0.367,0.3935,0.344,0.414,0.405,0.425,0.384,0.456,0.364,0.418,0.355,0.411,0.345,0.404,0.00615128571428572,0.0356972,0.0144626666666667,0.0254218,0.00670830026455027,0.0101556796536797,0.00712370053475936,0.00938779032258065,0.00452608492063492,0.00322476353276353,0.00288042613636364,0.0030864329004329,0.0131255,0.0516676666666667,0.0125253,0.0590842380952381,0.00695236995967742,0.00842105591397849,0.00624481846153846,0.0062455197044335,0.00623832643678161,0.00341519663865546,0.00271488608870968,0.00597316028225806
"12",12,0.3535,0.329,0.3475,0.508,0.366,0.434,0.3695,0.4555,0.371,0.419,0.37,0.452,0.265,0.318,0.2705,0.3085,0.275,0.3105,0.2855,0.269,0.292,0.266,0.303,0.266,0.00785506666666667,0.00622733333333333,0.00247641071428571,0.0206603,0.00476660695187166,0.0126633333333333,0.0099788835978836,0.0137202536231884,0.00504313949579832,0.00702195862068966,0.0043479678030303,0.0291284285714286,0.0045015,0.00271157142857143,0.0027645,0.00910856666666666,0.00432496989247312,0.00423056,0.00532498461538462,0.0158689986772487,0.00425924876847291,0.00841814035087719,0.00585971794871795,0.0231962573099415
"13",13,0.5145,0.48,0.5975,0.638,0.5,0.4535,0.521,0.545,0.496,0.46,0.486,0.569,0.554,0.519,0.5205,0.524,0.508,0.461,0.523,0.531,0.476,0.453,0.484,0.525,0.0185885714285714,0.00430994444444444,0.0103073571428571,0.00567595238095238,0.00293773484848485,0.0115619608819346,0.00576220060483871,0.0074739053030303,0.0068380018939394,0.00479202142857143,0.00995727361853833,0.0259176666666667,0.00464944444444444,0.00265462222222222,0.00772542857142857,0.00372111111111111,0.00481867825311943,0.00618732582582583,0.00243908739495798,0.00622315864527629,0.00676801680672269,0.00334934957983193,0.00671754920634921,0.0147364214285714
"14",14,0.472,0.507,0.483,0.6695,0.438,0.4335,0.469,0.517,0.405,0.425,0.4145,0.44,0.521,0.407,0.568,0.484,0.4355,0.442,0.49,0.484,0.4385,0.4045,0.4375,0.429,0.0120496944444444,0.04842975,0.00215026785714286,0.0216199285714286,0.00444952702702703,0.00985811408199643,0.00542181294452347,0.00659889572192513,0.00375307827260459,0.00577192234848485,0.00376593253968254,0.0129077892473118,0.00799077777777778,0.0198007857142857,0.00496169444444444,0.03596,0.00562734285714286,0.00734981825396825,0.00664699920634921,0.0117902857142857,0.00524608250355619,0.00656441820768136,0.00399156756756757,0.0188536951951952
"15",15,0.493,0.548,0.4645,0.549,0.4875,0.391,0.5075,0.585,0.521,0.392,0.4725,0.5445,0.4175,0.382,0.514,0.616,0.421,0.379,0.4555,0.5325,0.451,0.3685,0.458,0.53,0.016035,0.0135801944444444,0.00761373333333333,0.0266169821428571,0.0166249714285714,0.00725891092436975,0.0111276063492063,0.0160885992063492,0.0130456325757576,0.00882034920634921,0.0097967495543672,0.0213641357142857,0.0076209,0.00397319444444444,0.0189636964285714,0.0304722380952381,0.00785896559139785,0.00404728879892038,0.00950728492063492,0.0145658172413793,0.00955063492063492,0.00484921763869132,0.00651337987987988,0.0132638731182796
"16",16,0.601,0.504,0.5225,0.508,0.537,0.5155,0.556,0.578,0.508,0.528,0.572,0.553,0.4525,0.473,0.5705,0.481,0.502,0.457,0.552,0.516,0.517,0.4485,0.523,0.549,0.0100199821428571,0.01009675,0.0079764,0.00260847619047619,0.00795686451612903,0.00991905971479501,0.00559102857142857,0.0191173295454545,0.00666645882352941,0.00680878431372549,0.00652504734848485,0.00583960810810811,0.00683266666666667,0.0186521777777778,0.0109944555555556,0.007553125,0.00921741176470588,0.00768374774774775,0.00791643596059113,0.0175036136363636,0.0126124643678161,0.0118070903271693,0.00624873484848485,0.0127807803030303
"17",17,0.646,0.691,0.592,0.753,0.545,0.632,0.516,0.637,0.517,0.591,0.4985,0.6495,0.655,0.5595,0.521,0.8035,0.508,0.563,0.523,0.6585,0.5155,0.554,0.496,0.642,0.0208682380952381,0.0061407,0.0136528611111111,0.0104284761904762,0.00773502840909091,0.00854777016129032,0.0057043185483871,0.00796636989247312,0.00784293252361673,0.00929674384236453,0.00873805704099822,0.017692275862069,0.0602614107142857,0.00462476666666666,0.0105092678571429,0.0176690666666667,0.00705429206349206,0.0078452012012012,0.00507866755793226,0.0164353315217391,0.00912286007130125,0.0055740218487395,0.00940333949579832,0.0153694153846154
"18",18,0.84,0.7815,1.026,1.199,0.6705,0.894,0.682,0.97,0.5825,0.6595,0.5715,0.632,0.903,1.847,0.783,0.887,0.67,0.727,0.584,0.753,0.531,0.6,0.537,0.58,0.1200547,0.035246,0.495147366666667,0.1002393,0.0120848565062389,0.125950397727273,0.0179235462184874,0.193209684920635,0.012359627311522,0.0179702373015873,0.00581339118065434,0.0212372477477478,0.05888975,0.4647373,0.0278087857142857,0.0336455833333333,0.0207338353576248,0.110489231932773,0.0188544416785206,0.1498225625,0.00781015931721195,0.0247034324324324,0.00466941025641026,0.0688532361673414
"19",19,0.741,0.675,0.688,0.721,0.6095,0.693,0.6075,0.685,0.598,0.64,0.58,0.694,0.623,0.513,0.595,0.706,0.572,0.616,0.598,0.636,0.5405,0.614,0.5965,0.682,0.0366599523809524,0.0189011944444444,0.0136122678571429,0.0186914761904762,0.00618678968253968,0.014721207977208,0.00916025634920635,0.0135653913978495,0.0152306231231231,0.0111534907563025,0.0182919219219219,0.0135768825757576,0.0106627,0.00592626666666666,0.0274149444444444,0.00447598214285714,0.010287036036036,0.0184751761363636,0.0123767071428571,0.0109962933333333,0.0108535757575758,0.0207450345345345,0.0173811142857143,0.0119329984615385
"20",20,0.462,0.386,0.4265,0.519,0.448,0.426,0.437,0.515,0.404,0.355,0.409,0.477,0.43,0.407,0.441,0.5705,0.417,0.393,0.39,0.519,0.408,0.3055,0.404,0.43,0.00282825,0.00242077777777778,0.00153298214285714,0.0173342777777778,0.00285409243697479,0.0040407119487909,0.00397293371212121,0.00953563529411765,0.00281838177339902,0.00328725236167341,0.00352691397849462,0.00584505634920635,0.00310475,0.0032465,0.0008487,0.0280332111111111,0.00366956756756757,0.00367775384615385,0.00285522916666667,0.0113145698924731,0.00542125546218487,0.00566631294452347,0.00375873440285205,0.00460311470985155
"21",21,0.707,0.648,0.889,0.6925,0.655,0.77,0.69,0.743,0.6995,0.766,0.628,0.726,0.7305,0.609,0.614,0.6885,0.701,0.614,0.644,0.558,0.55,0.637,0.689,0.652,0.0205788571428571,0.0111994107142857,0.03228675,0.0196468,0.151927566502463,0.0280930056818182,0.0460418825757576,0.0493106524216524,0.0369852380952381,0.0284261186186186,0.0648589569892473,0.0323032159090909,0.0170044,0.0230791222222222,0.022829,0.0309168571428571,0.0177612575757576,0.0150733363363363,0.0330210285714286,0.0298946411411411,0.0299876723484848,0.0159542857142857,0.0605909396825397,0.0354872784090909
"22",22,0.47,0.503,0.4055,0.442,0.458,0.518,0.456,0.5095,0.438,0.501,0.482,0.4985,0.44,0.5705,0.4265,0.458,0.4795,0.534,0.466,0.528,0.437,0.527,0.479,0.536,0.00804377777777778,0.00404528888888889,0.00481578888888889,0.00500907142857143,0.00903834412955466,0.0225611655913978,0.00483914304993252,0.015991077540107,0.00680540042674253,0.0135357290322581,0.00564841591591592,0.00703186452762923,0.00708934444444445,0.0151206964285714,0.00215832222222222,0.0073396,0.0107383071428571,0.0190457056451613,0.00309325546218487,0.0234119161290323,0.0065180303030303,0.0173558571428571,0.00425481008403361,0.0136784232804233
"23",23,0.518,0.637,0.502,0.656,0.531,0.58,0.483,0.6135,0.448,0.448,0.435,0.483,0.4655,0.51,0.477,0.5575,0.4385,0.508,0.4515,0.535,0.4385,0.5115,0.46,0.52,0.00589180952380952,0.0178243333333333,0.00432457142857143,0.0240307,0.0143828948306595,0.00780265210084034,0.0117565333333333,0.00778402413793104,0.0135000587121212,0.011244381512605,0.01048505,0.0234150700757576,0.0139744107142857,0.00518386111111111,0.0102219523809524,0.00822136666666667,0.00948153253968254,0.0152465780780781,0.00896643447580645,0.00889841532258064,0.00431826114081997,0.0102612192513369,0.0101920291607397,0.0081380623655914
"24",24,1.012,0.994,0.908,1.053,0.7975,0.7425,0.805,0.782,0.883,0.6975,0.762,0.665,0.854,0.69,0.6655,0.699,0.6855,0.6515,0.6665,0.6505,0.642,0.613,0.639,0.592,0.0803793611111111,0.0510929821428572,0.0293322857142857,0.0420774107142857,0.0395908199643494,0.0696896506238859,0.0535799108734403,0.0279966761363636,0.0751637687687688,0.022212903968254,0.0516050623885918,0.0417200852272727,0.0988875,0.00801026785714286,0.00118735714285714,0.0215849444444444,0.0315733928571429,0.0651390322580645,0.0290931237553343,0.0335456857142857,0.0159962907563025,0.0351984753694581,0.0490676100840336,0.00776715465465465
"25",25,0.625,0.601,1.701,1.2425,0.665,0.719,1.802,1.265,0.6845,0.705,1.684,1.206,0.623,0.6155,1.381,1.195,0.666,0.625,1.472,1.184,0.668,0.668,1.489,1.0985,0.0423036111111111,0.011398,0.278479553571429,0.1078645,0.023835137815126,0.05373705,0.142092735294118,0.136744432432432,0.035768064516129,0.0285541471471471,0.34348291092437,0.0955931636636637,0.0388439555555556,0.00520026666666667,0.138135611111111,0.0936159444444444,0.0403016021021021,0.0274151038406828,0.152232436936937,0.149127502133713,0.0332361696696697,0.0159297449392713,0.329746412903226,0.0838980658730159
"26",26,0.5,0.546,0.609,0.81,0.557,0.517,0.5885,0.722,0.517,0.4695,0.5195,0.6705,0.51,0.482,0.584,0.6785,0.509,0.4885,0.555,0.677,0.489,0.4735,0.5335,0.683,0.00881398214285714,0.013715619047619,0.0039955,0.0177753571428571,0.0151940284090909,0.0103219804804805,0.0115733449197861,0.0141191534090909,0.00713502857142857,0.00759842067736185,0.0056606373015873,0.0125107139037433,0.0110368888888889,0.00767934444444444,0.00408477777777778,0.0305024107142857,0.00805748313090418,0.00539399715504979,0.00967964682539683,0.00797689900426743,0.0052174373015873,0.00704348253968254,0.00841928492063492,0.0104285928030303
"27",27,0.853,0.964,0.809,0.668,0.7285,0.6965,0.6825,0.66,0.774,0.6645,0.72,0.619,0.773,0.78,0.6425,0.52,0.723,0.6845,0.671,0.629,0.718,0.688,0.7415,0.619,0.070687,0.0383583,0.0431886964285714,0.00691036111111111,0.0237489492063492,0.0448004857397504,0.0254534687055477,0.016841451951952,0.0281274153225806,0.0126844786628734,0.0432937552552553,0.0184614317211949,0.0172556428571429,0.0604039444444444,0.00476066666666667,0.050825619047619,0.0402737298850575,0.0313344087301587,0.0460024278074866,0.0454165042016807,0.0440884084033613,0.0173967132132132,0.0633095706349206,0.0153717903225806
"28",28,0.809,0.9335,0.767,0.92,0.777,0.714,0.785,0.7515,0.79,0.7605,0.765,0.758,0.834,0.83,0.744,0.733,0.7595,0.767,0.8035,0.805,0.7705,0.753,0.7685,0.7605,0.0113848611111111,0.0540570714285714,0.027986,0.0184969523809524,0.0210453411764706,0.00936212121212121,0.0286865056818182,0.0155379264112903,0.010899847311828,0.012228174688057,0.0221466218487395,0.0132224253968254,0.0113366944444444,0.0583004444444444,0.0102541666666667,0.002052,0.0107626448275862,0.0180753032258065,0.0505920984615385,0.0285980927419355,0.0144584264112903,0.0145918012477718,0.0149849625668449,0.0200027310344828
"29",29,0.85,1.3065,0.691,0.987,0.713,0.721,0.772,0.744,0.606,0.6775,0.721,0.7015,0.657,0.993,0.5995,0.802,0.577,0.672,0.52,0.682,0.636,0.7045,0.547,0.585,0.290208944444444,0.235014571428571,0.513016,0.0164128095238095,0.408894285714286,0.207763334482759,0.16001594,0.27218888,0.102207565591398,0.108899150574713,0.0754708229885057,0.0829103229885057,0.101693142857143,0.258448361111111,0.204989955555556,0.183661267857143,0.60356647983871,0.119751479166667,0.103539232862903,0.171342683712121,0.202614197849462,0.0958760554435484,0.0792431231527094,0.0836630258064516
"30",30,0.55,0.393,0.503,0.696,0.5515,0.426,0.577,0.541,0.634,0.42,0.473,0.558,0.3105,0.29,0.308,0.279,0.442,0.303,0.269,0.349,0.4195,0.2975,0.2535,0.37,0.0436326666666667,0.0199497666666667,0.0256389821428572,0.0182778666666667,0.0250666935483871,0.00870092234848485,0.022421016091954,0.0292079291666667,0.0189112561576355,0.016849111827957,0.0210833201970443,0.0130973973684211,0.0166789666666667,0.0265671111111111,0.00978733333333333,0.0178822380952381,0.0225882579365079,0.00519706722689076,0.0239310933333333,0.0120900433333333,0.0146141022988506,0.0179952156862745,0.0220247566137566,0.0316914940711462
"31",31,0.5355,0.7745,0.5795,0.638,0.5665,0.6035,0.568,0.637,0.545,0.618,0.548,0.612,0.471,0.476,0.434,0.605,0.439,0.4905,0.4525,0.63,0.459,0.502,0.4485,0.619,0.0050489,0.0345519285714286,0.0116171111111111,0.0365254285714286,0.0196258571428571,0.0142185891265597,0.0133540453781513,0.0185557109243697,0.0208021378151261,0.0117790075757576,0.00912843049932524,0.00952647058823529,0.0127995,0.0713494444444445,0.00822075,0.0130615277777778,0.0120112567567568,0.0109382453769559,0.0134661479374111,0.0333522571428571,0.00854141141141141,0.0143088285714286,0.0157637588904694,0.0201244795698925
"32",32,0.647,0.935,0.884,1.355,1.0455,0.94,0.798,0.761,0.7885,0.762,0.736,0.7505,1.1115,1.004,0.987,1.152,0.86,0.828,0.7515,0.7365,0.749,0.7,0.7055,0.733,0.590689333333333,0.0354201666666667,0.286725866666667,0.7233983,0.122725441176471,0.0410229527629234,0.0661547936507936,0.0691078235294118,0.0702702571428571,0.0265690383244207,0.0595791058823529,0.0395846069518717,0.046208,0.0662739047619048,0.273829777777778,0.506307833333333,0.136369921182266,0.0662412102272727,0.0527912785714286,0.103621678571429,0.102672238916256,0.0376595642857143,0.0468446451612903,0.0392866218487395
"33",33,0.517,0.58,0.509,0.582,0.5475,0.5575,0.509,0.582,0.506,0.5405,0.511,0.543,0.515,0.5625,0.551,0.61,0.54,0.517,0.512,0.545,0.51,0.505,0.457,0.5415,0.00182125,0.00521667777777778,0.00401136666666667,0.00229706666666666,0.00357658108108108,0.00715373968253968,0.00498605871212121,0.0080749943019943,0.00472573123123123,0.00582670158730159,0.00699110516934047,0.00923884731182796,0.00284933333333333,0.0127773571428571,0.00471069444444444,0.00958011111111111,0.00426444827586207,0.00783200900900901,0.00869732903225806,0.00335481527093596,0.00652971092436975,0.00647136186186186,0.0091886935483871,0.00948491265597148
"34",34,0.49,0.675,0.5785,0.504,0.5095,0.571,0.628,0.595,0.534,0.566,0.5425,0.539,0.4655,0.5045,0.533,0.6645,0.4945,0.517,0.503,0.518,0.531,0.5455,0.494,0.51,0.00516626666666667,0.0265316190476191,0.0133642678571429,0.00239714285714286,0.009484291005291,0.012086064516129,0.02132726,0.0244184630541872,0.0274990227272727,0.0132078990147783,0.0190976214285714,0.0122359015384615,0.00799671111111111,0.0217491428571429,0.00620502777777778,0.00830457142857143,0.00999039540229885,0.0207227764550265,0.0123290731182796,0.0319133614718615,0.0349338789915966,0.0182265984615385,0.0160442462121212,0.0126608128078818
"35",35,0.578,0.4615,0.4625,0.5835,0.5115,0.4295,0.487,0.624,0.522,0.451,0.486,0.613,0.4995,0.466,0.529,0.735,0.446,0.433,0.475,0.6,0.46,0.429,0.4795,0.623,0.0246926111111111,0.0042543,0.006557125,0.0162166964285714,0.0132614571428571,0.0046760320855615,0.0219718218623482,0.00904724761904762,0.0563260928030303,0.00452146167557932,0.0107674823529412,0.00880567806267806,0.0265722142857143,0.00554878571428571,0.472942027777778,0.001252,0.0174251873015873,0.00225112731152205,0.301711349206349,0.00803066666666667,0.0109365882352941,0.0268885848739496,0.0602391683467742,0.01152336
"36",36,0.388,0.368,0.3885,0.4025,0.3755,0.3715,0.369,0.409,0.38,0.371,0.379,0.407,0.366,0.398,0.388,0.4395,0.371,0.381,0.389,0.403,0.361,0.368,0.3765,0.396,0.00185506666666667,0.001947,0.00127872222222222,0.00157164285714286,0.0015283,0.00165639682539683,0.00306220935960591,0.00214651827956989,0.00287904558404558,0.00276107507507507,0.00205921290322581,0.00337223655913979,0.00117666666666667,0.001709125,0.000892476190476191,0.00794457142857143,0.000814823655913978,0.00162460504201681,0.00179840608465608,0.00228863063063063,0.00194479569892473,0.00112197300944669,0.00216715057471264,0.00353167733990148
"37",37,0.452,0.498,0.5265,0.532,0.439,0.489,0.484,0.463,0.429,0.46,0.441,0.442,0.39,0.473,0.4095,0.393,0.383,0.431,0.414,0.439,0.3995,0.383,0.366,0.41,0.00838323809523809,0.00700678571428571,0.0211295535714286,0.00388086111111111,0.00602975,0.00857022167487685,0.00589430871212121,0.0062930113960114,0.0084826935483871,0.0122513161290323,0.00551475913978495,0.00691516666666666,0.00794506666666667,0.00678028571428572,0.00680898214285714,0.0176018666666667,0.0103798181818182,0.00723113333333333,0.0102649601139601,0.00699771794871795,0.00643570564516129,0.00739817948717949,0.00344763257575758,0.00875360837438424
"38",38,0.633,0.537,0.7515,0.593,0.541,0.474,0.541,0.649,0.474,0.452,0.4665,0.61,0.43,0.478,0.5435,0.5305,0.4785,0.441,0.4785,0.571,0.432,0.426,0.4215,0.528,0.0139392857142857,0.0259945535714286,0.0457638222222222,0.00982561111111111,0.0102492803030303,0.0170497852852853,0.0112313712121212,0.0208546733870968,0.0124229462184874,0.00899151111111111,0.00954925177809389,0.0219156083743842,0.00315536666666667,0.00396617777777778,0.0148412678571429,0.0165762678571429,0.00974448484848485,0.00420313963963964,0.0077208506401138,0.0318070295566502,0.0082647803030303,0.00629664714714715,0.00321471123755334,0.0131145066666667
"39",39,0.532,0.575,0.56,0.599,0.619,0.535,0.527,0.511,0.5415,0.491,0.565,0.526,0.392,0.478,0.522,0.417,0.5015,0.441,0.4555,0.418,0.468,0.4335,0.4625,0.429,0.0171489523809524,0.00721944444444444,0.0568787857142857,0.01936675,0.00904819285714286,0.00630861861861862,0.0159443139784946,0.00655145645645645,0.010984431372549,0.00391791497975709,0.00610425546218487,0.00680995345345345,0.0117927,0.0118005535714286,0.0106742678571429,0.009249,0.00862607804232804,0.00618191111111111,0.00662014285714286,0.0070245641025641,0.0074626157635468,0.0048267652916074,0.00950489195402299,0.0046248963963964
"40",40,0.6465,0.5855,0.699,0.686,0.618,0.4585,0.575,0.711,0.4885,0.4435,0.567,0.614,0.7785,0.444,0.586,0.598,0.468,0.503,0.561,0.626,0.528,0.444,0.528,0.6555,0.0293497888888889,0.0471073571428571,0.0693842678571429,0.0169785,0.0326610795454545,0.00876853015873016,0.014679887394958,0.0138309682539683,0.0428051951871658,0.0193519288762447,0.0180919678030303,0.0160058584637269,0.102630233333333,0.0336909888888889,0.0927454107142857,0.00970436111111111,0.0350983806451613,0.00857213213213213,0.0224805018939394,0.0217490765765766,0.0277153185483871,0.011387673414305,0.0337301247771836,0.0419488860887097
"41",41,0.494,0.474,0.471,0.4765,0.457,0.444,0.496,0.479,0.475,0.471,0.463,0.4755,0.4695,0.4505,0.455,0.487,0.4495,0.4345,0.456,0.46,0.459,0.45,0.45,0.4625,0.00494306666666667,0.00272069444444444,0.000943777777777778,0.0044165,0.0013738428030303,0.00214392192192192,0.00228297570850202,0.00457257754010695,0.00213182726045884,0.00240404588394062,0.00130524033613445,0.00436085714285714,0.00302026666666666,0.00217284444444444,0.00130141071428571,0.00201202777777778,0.00164758968253968,0.00212923083778966,0.00235854206349206,0.00337566722689076,0.0025883978978979,0.00202528340080972,0.00178369206349206,0.00313314366998578
"42",42,0.456,0.5195,0.501,0.55,0.539,0.564,0.4995,0.56,0.5125,0.568,0.5335,0.536,0.59,0.578,0.5285,0.627,0.573,0.614,0.556,0.6195,0.535,0.582,0.532,0.599,0.0047675,0.00759328888888889,0.00839944444444445,0.00440625,0.00837928431372549,0.0126479015873016,0.0120571301587302,0.00745243693693694,0.00794042142857143,0.00754362142857143,0.00828652063492063,0.00785637478991597,0.0144696555555556,0.009021,0.0132242777777778,0.0100370277777778,0.00923024444444445,0.0125403217468806,0.0118510985155196,0.0156626634920635,0.00922278677462888,0.00544395798319328,0.00835523012820513,0.00607351349206349
"43",43,0.4475,0.456,0.3785,0.4765,0.417,0.42,0.379,0.534,0.3655,0.439,0.358,0.47,0.307,0.362,0.31,0.426,0.346,0.424,0.329,0.477,0.321,0.385,0.3165,0.521,0.014166,0.0138513,0.0133122777777778,0.0119569666666667,0.00420111428571429,0.0046773768939394,0.00883458015873016,0.0111804246153846,0.00323054712643678,0.00702607977207977,0.0106387297297297,0.0114191462450593,0.00214011111111111,0.00633066666666667,0.00320623809523809,0.0305843333333333,0.0033805641025641,0.00500726,0.00850636786786787,0.0199589368421053,0.003815503003003,0.00347002365591398,0.00726511428571428,0.02474385
"44",44,0.3995,0.4615,0.494,0.4525,0.446,0.4635,0.4085,0.507,0.417,0.4405,0.413,0.482,0.415,0.4285,0.398,0.418,0.383,0.414,0.3655,0.4445,0.391,0.3805,0.369,0.445,0.00105256666666667,0.0052581,0.00691086111111111,0.0168797666666667,0.00652255798319328,0.00406568253968254,0.00240406048387097,0.00803872916666667,0.00239219219219219,0.00428540042674253,0.00355413781512605,0.00694333333333333,0.00386625,0.0107488,0.00390519444444444,0.00880514285714286,0.00900812941176471,0.00344544758064516,0.00521800713012478,0.0161051953846154,0.00427842777777778,0.00748029590017825,0.00677869243697479,0.0135037727272727
"45",45,0.7215,0.488,0.613,0.649,0.702,0.511,0.686,0.806,0.698,0.532,0.627,0.741,0.5195,0.378,0.375,0.4095,0.6335,0.379,0.543,0.474,0.642,0.3545,0.6425,0.525,0.0614804107142857,0.0165314285714286,0.0421218,0.0685526944444444,0.0219196266666667,0.0187153598484848,0.0322224142857143,0.15479766951567,0.0349772101449275,0.0539811978494624,0.0445468738461538,0.0560625057471264,0.000634916666666668,0.018008,NA,0.0954308,0.0232305368421053,0.0112114,0.0420822777777778,0.0370639310344828,0.0290953333333333,0.0127687973790323,0.000540916666666668,0.0322528704453441
"46",46,0.6345,0.5745,0.534,0.582,0.583,0.607,0.604,0.622,0.5755,0.5735,0.535,0.554,0.539,0.597,0.559,0.571,0.533,0.57,0.535,0.551,0.484,0.532,0.523,0.5365,0.0110302857142857,0.007696,0.0043764,0.010038619047619,0.0194436111111111,0.0203396921921922,0.0180200828877005,0.0157212658730159,0.0205983921568627,0.0111519142857143,0.00882652063492063,0.00968342613636364,0.0073564,0.0116971111111111,0.0384835,0.016915,0.0129664991596639,0.0105696231231231,0.0109803806818182,0.0148065512605042,0.0147882941176471,0.00876823123123123,0.0136256141141141,0.0144758903743316
"47",47,0.463,0.53,0.552,0.7175,0.422,0.511,0.501,0.678,0.451,0.506,0.4865,0.671,0.515,0.445,0.413,0.547,0.3915,0.436,0.4035,0.5885,0.449,0.46,0.417,0.559,0.01041225,0.0122309523809524,0.0115913333333333,0.0108525666666667,0.0108440056818182,0.00664472605042017,0.0101446944444444,0.0230622687687688,0.00749378698752228,0.00452592613636364,0.0115822373015873,0.0130422521008403,0.0103811428571429,0.0208845444444444,0.0181622678571429,0.0106181666666667,0.00970995811051694,0.00699934957983193,0.0114941069518717,0.0228196129032258,0.0092485512605042,0.00813112333333334,0.00705653832442068,0.0197745224867725
"48",48,0.3615,0.383,0.4035,0.377,0.441,0.4,0.413,0.434,0.368,0.4025,0.39,0.37,0.206,0.18,0.366,0.295,0.2505,0.308,0.237,0.259,0.259,0.274,0.2625,0.2125,0.0152449821428571,0.014812,0.00405114285714286,0.0223150666666667,0.0132226666666667,0.00535585483870968,0.0189227293447293,0.00955014333333333,0.0104852933333333,0.0179058538461538,0.010343328042328,0.00964183333333334,0.0132063333333333,0.0037835,0.0006433,0.0300206964285714,0.00798951851851852,0.00875456493506493,0.0112624466403162,0.0200486666666667,0.00602691666666667,0.021953815270936,0.00902268157894737,0.01174554
"49",49,0.482,0.509,0.433,0.527,0.457,0.4635,0.419,0.529,0.447,0.4675,0.4195,0.475,0.374,0.443,0.411,0.5275,0.403,0.443,0.403,0.4755,0.3975,0.423,0.3875,0.446,0.00946094444444444,0.0111945714285714,0.00841952777777778,0.0130397777777778,0.00574973571428571,0.00689920412517781,0.00524209243697479,0.0138555978494624,0.0069027975708502,0.0081226373015873,0.00334631729055258,0.0109816931818182,0.00872142857142857,0.00288884444444445,0.00229826785714286,0.00828714285714286,0.00461984444444445,0.00417588138138138,0.0052137560455192,0.00916632643678161,0.00873925935828877,0.00584121763869132,0.00419753015873016,0.00817119318181818
"50",50,0.5865,0.6375,0.585,0.6305,0.555,0.574,0.555,0.553,0.556,0.6325,0.5895,0.611,0.5605,0.652,0.587,0.605,0.556,0.556,0.563,0.553,0.572,0.5775,0.554,0.5855,0.0135505444444444,0.00974444444444444,0.0171439555555556,0.0155657142857143,0.00698334412955465,0.023983087394958,0.00935820504201681,0.0103520142602496,0.00914522857142857,0.016750903968254,0.00577047857142857,0.00628096396396396,0.0172358222222222,0.00968964285714286,0.0113397777777778,0.008755125,0.00477493781512605,0.0110507512605042,0.00612860384068279,0.00747932007575757,0.00616372222222222,0.0200697357142857,0.00639170199146515,0.01229311942959
"51",51,0.448,0.45,0.4545,0.4425,0.421,0.443,0.414,0.44,0.4,0.455,0.419,0.488,0.422,0.4205,0.38,0.402,0.397,0.427,0.405,0.4535,0.41,0.45,0.417,0.431,0.00448552777777778,0.00770111111111111,0.00174472222222222,0.0100699,0.00292359090909091,0.00777231349206349,0.0257362147435897,0.00733732963709677,0.00325850757575758,0.00642702102102102,0.00410649915966387,0.0106304608819346,0.00431995238095238,0.00219998214285714,0.00334644444444445,0.01247625,0.00165892745376956,0.00756905,0.00609774774774775,0.00601839572192514,0.00292088394062078,0.00516715915915916,0.0048829028340081,0.00693187311827957
"52",52,0.726,0.649,0.6385,0.683,0.54,0.523,0.5595,0.643,0.485,0.51,0.457,0.498,0.568,0.546,0.5835,0.6585,0.532,0.5185,0.479,0.6,0.427,0.5025,0.43,0.523,0.01911575,0.0166835,0.00733176666666667,0.0141159821428571,0.0160632462121212,0.00735071092436975,0.0129504857397504,0.0311861462365591,0.0142107027027027,0.00842894238975818,0.00718624033613445,0.0078696553030303,0.03903225,0.0202848571428571,0.0201077142857143,0.0190354285714286,0.0107907297297297,0.00640040634920635,0.0101730285714286,0.0317377510822511,0.0105484214285714,0.00540199540229885,0.00970903778677463,0.011515256916996
"53",53,0.519,0.5285,0.5295,0.505,0.5265,0.492,0.524,0.538,0.572,0.535,0.518,0.548,0.4885,0.505,0.5075,0.5795,0.509,0.5,0.5055,0.522,0.503,0.492,0.4785,0.497,0.00554533333333334,0.00544521111111111,0.00706021428571429,0.0121284,0.00626199596774194,0.00545924831309042,0.00550345714285714,0.00604106386554622,0.00549411764705882,0.00592608250355619,0.00667926916221034,0.00557087058823529,0.00312528888888889,0.00274405555555556,0.00357773333333333,0.0205356964285714,0.00547421921921922,0.00275294466936572,0.00604884871794872,0.00614106722689076,0.00476669243697479,0.00329607692307692,0.00308847857142857,0.00349494294871795
"54",54,0.559,0.627,0.533,0.7995,0.499,0.4965,0.499,0.622,0.455,0.5205,0.464,0.537,0.538,0.624,0.508,0.508,0.442,0.492,0.47,0.542,0.412,0.429,0.442,0.506,0.00600955555555556,0.0226722666666667,0.00148821428571429,0.0542008571428571,0.0143943165007112,0.00742556350806452,0.00722181081081081,0.0097646553030303,0.00421186036036036,0.0164607777777778,0.00393163655761024,0.0140406737967914,0.006596125,0.0128406111111111,0.000899000000000001,0.0240453,0.0065868677462888,0.0111459838709677,0.00406360810810811,0.0187737906403941,0.00230371834992888,0.00899732132132132,0.00603231349206349,0.0160654474474474
"55",55,0.712,1.013,0.8055,0.76,0.862,0.917,0.842,0.862,0.8025,0.8125,0.7855,1.0535,0.7245,0.753,0.751,0.6785,0.721,0.7575,0.743,0.6935,0.7565,0.6715,0.6975,0.691,0.0073455,0.1516743,0.057359125,0.2252925,0.0697910303030303,0.144731122689076,0.0687937762923351,0.0844576844758064,0.0862610383244207,0.0865176586452763,0.167316681818182,0.164918314285714,0.0339577888888889,0.121553361111111,0.0336272678571429,0.209288,0.0747701344537815,0.182794438122333,0.101259681365576,0.0643922162162162,0.086752466571835,0.142950916221034,0.0332439015873016,0.0327705611111111
"56",56,0.421,0.4915,0.472,0.581,0.4795,0.451,0.4425,0.5865,0.4655,0.488,0.442,0.556,0.464,0.4455,0.435,0.5815,0.437,0.421,0.415,0.553,0.474,0.387,0.4395,0.486,0.00636533333333333,0.00267771428571429,0.00297023333333333,0.0149942678571429,0.00660936111111111,0.00494765210084034,0.00640966587301587,0.0102044183467742,0.00686343954480797,0.00477253603603604,0.00537526045883941,0.0109519838709677,0.00140965555555556,0.00564672222222222,0.00603061111111111,0.0194279555555556,0.00566683400809717,0.00770175294117647,0.0074307027027027,0.0145042429149798,0.00530375320056899,0.00433648492063492,0.00645899928876245,0.01135869365722
"57",57,0.819,0.856,0.708,0.674,0.701,0.757,0.63,0.69,0.715,0.707,0.651,0.7435,0.703,0.6585,0.637,0.7175,0.646,0.6435,0.6135,0.646,0.6195,0.568,0.542,0.614,0.0413556944444444,0.0050595,0.0224096944444444,0.0165794444444444,0.0230749697478992,0.0419332575757576,0.0227207773826458,0.0331951058201058,0.0204587,0.0448510266666667,0.0221659781609195,0.0412924329710145,0.0184850666666667,0.0506498666666667,0.0173310277777778,0.00656225,0.0155313956989247,0.0421030529100529,0.0196084506048387,0.0120833076923077,0.0243875505747126,0.0159150517241379,0.0205924129032258,0.0187513916256158
"58",58,0.4905,0.527,0.448,0.514,0.491,0.522,0.4735,0.483,0.4795,0.48,0.477,0.4855,0.4325,0.531,0.467,0.469,0.4855,0.5145,0.486,0.5055,0.494,0.483,0.5025,0.4955,0.00368907142857143,0.00580527777777777,0.0054885,0.000630194444444445,0.0034788048048048,0.00348513949579832,0.00479948571428571,0.0031230253968254,0.00457030714285714,0.00305502857142857,0.00252218823529412,0.00441477777777778,0.0061611,0.00244875,0.00234357142857143,0.00149336111111111,0.00292145811051693,0.00225271349206349,0.00308769411764706,0.00346663229018492,0.00302757624831309,0.00317965915915916,0.00300814206349206,0.00318854978662873
"59",59,0.4845,0.5665,0.441,0.57,0.527,0.508,0.526,0.604,0.478,0.536,0.465,0.547,0.4775,0.5565,0.477,0.6185,0.457,0.5145,0.473,0.637,0.447,0.499,0.483,0.5755,0.00553535714285714,0.00403906666666667,0.0197780277777778,0.00272461904761905,0.00887686363636364,0.0177920553846154,0.00804712689393939,0.00921045584045584,0.00705782857142857,0.00401925641025641,0.00623945345345345,0.00961271,0.006906,0.0183342142857143,0.00949980952380952,0.00953514285714285,0.00755379734848485,0.0112538465608466,0.00688608250355619,0.0101975098814229,0.00729190990990991,0.00506689892473118,0.00882933571428571,0.00597879365079365
"60",60,0.4475,0.501,0.461,0.459,0.4605,0.541,0.5445,0.523,0.446,0.5405,0.438,0.454,0.516,0.6275,0.442,0.501,0.508,0.553,0.5235,0.5595,0.483,0.561,0.511,0.54,0.0108905714285714,0.0122972777777778,0.0053212380952381,0.0222611428571429,0.012878037037037,0.023604943019943,0.0105219642857143,0.0194438300492611,0.0232140483870968,0.0166112753846154,0.011262781512605,0.02443659,0.00922541071428571,0.00638746666666667,0.00375114285714286,0.0115041666666667,0.0129681411411411,0.0119926736842105,0.0157709714285714,0.0146897409274194,0.0143545978494624,0.0208563110516934,0.0074814678030303,0.0102406022988506
"61",61,0.919,0.885,0.878,0.9215,1.0585,1.062,0.9605,0.9005,1.095,0.961,0.9415,0.9345,1.003,0.796,0.947,0.973,1.1845,0.938,0.9155,0.8925,0.9395,0.816,0.879,0.906,0.273984566666667,0.0407440277777778,0.0133482380952381,0.0424654107142857,0.0531612643678161,0.0747364798387097,0.0554497046153846,0.0438495980392157,0.0651840830039526,0.0606295275862069,0.0513109047619048,0.0362395322580645,0.0446894285714286,0.018979619047619,0.0198471428571429,0.0252715714285714,0.10519483994709,0.0411864337121212,0.037934606884058,0.0349961774193548,0.0259228225806452,0.100576184729064,0.0345516550802139,0.0367588746438746
"62",62,0.779,1.033,0.76,0.8395,0.699,0.697,0.628,0.652,0.576,0.6505,0.5805,0.585,0.585,0.565,0.587,0.5305,0.583,0.53,0.532,0.594,0.512,0.539,0.446,0.538,0.124280488888889,0.182098277777778,0.113295694444444,0.0450138222222222,0.0175503130904184,0.0365624714714715,0.0131454032258065,0.0640464337121212,0.0281337492492492,0.0607815325396825,0.044838386913229,0.0279996072874494,0.0166521428571429,0.0249661,0.0226753611111111,0.00664798214285714,0.0139589046941679,0.0206177019914651,0.00946495195195195,0.012651053968254,0.0162227368421053,0.0425960115864528,0.00935287055476529,0.0370913011363636
"63",63,0.759,0.864,0.816,0.9175,0.725,0.811,0.7415,0.85,0.707,0.757,0.7405,0.735,0.7945,0.719,0.8655,0.848,0.699,0.736,0.723,0.735,0.6465,0.684,0.657,0.704,0.0338089444444445,0.0550480555555556,0.0651206666666667,0.0346840444444444,0.0332861801587302,0.0610766857142857,0.0553901176470588,0.0558548741109531,0.0334598117647059,0.0536451635846373,0.0363773868092692,0.0660976100840336,0.0173376428571429,0.0160696944444444,0.0345973888888889,0.0441232888888889,0.0435681142857143,0.0535690638655462,0.0169978201680672,0.0847245411764706,0.0148633065433855,0.0297834687055477,0.0446541336336336,0.075358137815126
"64",64,1.37,1.262,1.472,2.064,1.3055,1.376,1.883,2.313,1.487,1.333,1.6815,1.3975,1.293,1.3525,1.3,1.049,1.374,1.321,1.223,1.483,1.3675,1.224,1.269,1.3095,0.0515164444444444,0.0983578611111112,0.510473357142857,0.436492476190476,0.261907612903226,0.177015533033033,0.375410968660969,0.736339781746032,0.136092774509804,0.485570058064516,0.282246975862069,0.441870216931217,0.240159982142857,0.146578455555556,0.2793415,0.0775965714285714,0.19184936036036,0.180894621212121,0.29494185770751,0.379739161904762,0.111476008534851,0.284771111111111,0.163225613300493,0.303855294973545
"65",65,0.5965,0.6325,0.553,0.59,0.6345,0.66,0.633,0.615,0.608,0.617,0.582,0.605,0.563,0.5845,0.4765,0.6545,0.582,0.59,0.547,0.5855,0.55,0.58,0.496,0.565,0.0284771428571429,0.005252,0.00995278571428571,0.013097,0.0159526253968254,0.0243321966386555,0.0162801968253968,0.0143398285714286,0.0242257975708502,0.0171667379032258,0.00811211664295875,0.012300028340081,0.0142016944444444,0.00994314285714285,0.0122560555555556,0.0217374333333333,0.0385800885885886,0.00954311349206349,0.0151959381223329,0.0333688556149733,0.0237915585585586,0.0242191306306306,0.011115451951952,0.00706982352941176
"66",66,0.446,0.526,0.48,0.517,0.464,0.53,0.45,0.5005,0.408,0.477,0.4695,0.5405,0.398,0.484,0.413,0.585,0.4195,0.478,0.372,0.5155,0.424,0.486,0.4475,0.498,0.00989598214285714,0.00990114285714285,0.00778790476190476,0.0163141111111111,0.00376282795698925,0.00726129195402299,0.00649906386554622,0.0202037931034483,0.0182414509803922,0.00798515402298851,0.0117488798008535,0.0179439510582011,0.00708314285714286,0.0162810277777778,0.0100399444444444,0.0152936944444444,0.00914253571428571,0.00469749621212121,0.0116741042780749,0.0101877885057471,0.0101982937411095,0.00764835158730159,0.0158338502673797,0.00953458279569892
"67",67,0.726,0.782,0.7455,0.899,0.7255,0.71,0.708,0.868,0.71,0.6805,0.7035,0.72,1.1175,0.639,0.784,0.7475,0.636,0.6425,0.65,0.812,0.628,0.581,0.617,0.75,0.0594765,0.0402047777777778,0.0456924,0.0405823,0.0175960938461539,0.0292639616402116,0.0367087806267806,0.0305918661538461,0.0374934871794872,0.0105622579365079,0.0486046666666667,0.0605001861538462,0.226312571428571,0.1122644,0.00612614285714286,0.0464532,0.0130919259259259,0.0259795925925926,0.0222280451612903,0.0374963894927536,0.0269895333333333,0.00797452709359606,0.0231871502463054,0.0358978917378917
"68",68,0.679,0.6805,0.665,0.997,0.601,0.797,0.665,0.667,0.6185,0.6715,0.668,0.759,0.585,0.7635,0.727,0.641,0.633,0.725,0.666,0.709,0.635,0.693,0.601,0.716,0.0323170277777778,0.0474477666666667,0.0596127777777778,0.0660905714285714,0.0198133484848485,0.0473635512605042,0.0198369527629234,0.0380015225806452,0.0154799146514936,0.0249125766129032,0.0633234324324324,0.0529725075757576,0.0397655,0.0351422857142857,0.0268342333333333,0.0760780277777778,0.0166095357624831,0.0367996871921182,0.0265210806722689,0.0393961512605042,0.0249234651493599,0.0315317651209677,0.0176837462887989,0.0330166756756757
"69",69,0.788,1.024,0.713,0.95,0.694,0.7005,0.733,0.662,0.611,0.565,0.595,0.605,0.8015,0.799,0.817,1.07,0.634,0.6325,0.574,0.671,0.561,0.549,0.596,0.5795,0.0191745666666667,0.05886675,0.0575729888888889,0.0548514285714286,0.0293817489919355,0.0232288618951613,0.0297593063063063,0.0215588128078818,0.013383972972973,0.0123778918918919,0.0178052087301587,0.0496414823529412,0.00829494444444444,0.0625702777777778,0.05915375,0.0341049444444444,0.0258463138138138,0.0244610782361309,0.0193645247311828,0.0190218603603604,0.0136524588235294,0.00833153253968254,0.0118066563492064,0.0351704214285714
"70",70,0.564,0.5445,0.723,0.635,0.556,0.61,0.583,0.6105,0.5645,0.599,0.595,0.646,0.513,0.4645,0.4845,0.4655,0.501,0.488,0.4725,0.488,0.464,0.467,0.497,0.498,0.0114811111111111,0.0114717777777778,0.0214862777777778,0.0134871428571429,0.00417453015873016,0.00968337687687688,0.0236200087301587,0.00698860634920635,0.00754606773618538,0.0138552785714286,0.0164923453453453,0.0228638678678679,0.00801693333333334,0.00455048888888889,0.00299628571428571,0.0153144888888889,0.0054314628879892,0.0104263528528529,0.00574306970128023,0.00871808036984353,0.0120584588394062,0.00583157692307692,0.00813499730094467,0.00898000873015873
"71",71,1.137,0.863,0.632,1.0355,0.878,0.856,0.798,0.787,0.817,0.7665,0.766,0.765,0.778,0.87,0.6185,0.938,0.92,0.866,0.784,0.786,0.824,0.803,0.758,0.8585,0.11658225,0.0240559047619048,0.00867433333333333,0.0574991428571428,0.046053189516129,0.0375181591397849,0.0579646050420168,0.0606943142857143,0.0395722403361345,0.0508106212121212,0.0289333911806543,0.0347798699596774,0.0744324444444444,0.0359455714285714,0.0575006777777778,0.0342225535714286,0.0334808857142857,0.0467303618951613,0.0628322857142857,0.0864534258064516,0.0305655303030303,0.0483124532019704,0.0257050638655462,0.0420106096256684
"72",72,0.451,0.905,0.458,0.492,0.534,0.654,0.5945,0.639,0.51,0.5135,0.5545,0.5855,0.339,0.394,0.668,0.297,0.4005,0.4095,0.4105,0.3965,0.3275,0.413,0.383,0.41,0.00214933333333333,0.1426837,0.0381333333333333,0.0167893333333333,0.0455027766666667,0.0655651397058824,0.0444689246153846,0.0375794619047619,0.0141793596837945,0.0343005157894737,0.0245712078947368,0.0285802692307692,0.0126946666666667,0.00897990476190476,0.0621228,0.0018215,0.0188080851449275,0.0614888006535948,0.0270578692810457,0.0325545882352941,0.0238189505494505,0.0261076241830065,0.0117806724137931,0.0186016476190476
"73",73,0.486,0.436,0.484,0.4935,0.496,0.4715,0.481,0.526,0.4545,0.49,0.4745,0.487,0.451,0.449,0.433,0.435,0.457,0.471,0.447,0.4825,0.436,0.481,0.443,0.4975,0.0196203611111111,0.00360180952380952,0.000912785714285714,0.00333226666666667,0.00382076129032258,0.00471502317290553,0.00211482142857143,0.00969468538324421,0.00497952941176471,0.00468391349206349,0.0042581372688478,0.0056787873015873,0.00198890476190476,0.00329483928571428,0.00169727777777778,0.00313535714285714,0.00287645714285714,0.00395725846702317,0.0010528978978979,0.0091141889483066,0.00474596825396825,0.00483281008403361,0.00419551428571429,0.00452399682539683
"74",74,0.4005,0.5495,0.453,0.493,0.568,0.476,0.5195,0.453,0.39,0.406,0.414,0.4235,0.5295,0.485,0.4585,0.487,0.47,0.431,0.462,0.477,0.391,0.403,0.402,0.398,0.0135769166666667,0.0045125,0.00703021428571428,0.002263,0.00883085172413793,0.00534651551956815,0.00905047983870968,0.00520122807017544,0.00250325506072874,0.00563871921921922,0.00372893939393939,0.00504198573975045,0.00877958333333333,0.003550125,0.00762342857142857,0.038419,0.173259878378378,0.00616054957983193,0.00901913608870968,0.0133016619047619,0.00260790113798008,0.00572341591591592,0.00335305396825397,0.0062153399715505
"75",75,0.334,0.359,0.363,0.47,0.365,0.402,0.337,0.421,0.3425,0.384,0.3365,0.408,0.29,0.5485,0.2355,0.364,0.341,0.385,0.3245,0.46,0.2825,0.383,0.258,0.435,0.001454,0.0048483,0.00375561111111111,0.0132592,0.00239883033033033,0.00406444507575758,0.00628525568181818,0.0107362608695652,0.00284998008534851,0.00346120935960591,0.00350964349376114,0.0221018853754941,0.0184901428571429,0.00946566666666667,0.00907507142857143,0.0177103,0.00535973484848485,0.00549640211640212,0.00585535561497326,0.0213954031620553,0.009408,0.00784716,0.00588894871794872,0.0191573738461538
"76",76,0.4665,0.563,0.6,0.661,0.476,0.574,0.468,0.62,0.434,0.512,0.5115,0.5565,0.578,0.5275,0.426,0.659,0.484,0.536,0.5245,0.562,0.4415,0.491,0.4745,0.547,0.00918787777777778,0.0188813,0.0242928444444444,0.0113013,0.0251255008912656,0.0186019766666667,0.05580275,0.0840594954022989,0.0143943731092437,0.0791954258064516,0.0137201354723708,0.0213441774193548,0.0116332777777778,0.0248856555555556,0.0129948,0.0148414666666667,0.0362069450757576,0.0206508677248677,0.0911016551724138,0.0276176896551724,0.0395839777777778,0.175517462365591,0.0117892862903226,0.0278225418719212
"77",78,0.517,0.4725,0.533,0.613,0.486,0.501,0.523,0.585,0.4725,0.458,0.495,0.6145,0.46,0.417,0.4375,0.478,0.4955,0.44,0.4765,0.507,0.447,0.432,0.452,0.457,0.0150898392857143,0.0170405714285714,0.00977726785714285,0.00898466666666667,0.0111201325757576,0.00877695945945946,0.0188883315508021,0.0134233492063492,0.00942491428571429,0.0157278798798799,0.00992673253968254,0.0115627557932264,0.00355973333333333,0.00321578888888889,0.00468176666666666,0.007416,0.00689760615384615,0.0094602024291498,0.0147983957219251,0.0112673983193277,0.0100065142857143,0.00545582726045884,0.00506463068181818,0.0101104534412955
"78",79,0.628,0.5725,0.618,0.587,0.578,0.613,0.653,0.631,0.616,0.537,0.622,0.593,0.531,0.597,0.595,0.653,0.554,0.565,0.635,0.598,0.551,0.54,0.587,0.6595,0.00661095238095238,0.00917735714285715,0.00471964285714286,0.00411169642857143,0.0132724475806452,0.0118377973484848,0.0366624964349376,0.0128982561576355,0.010914516091954,0.0118526540229885,0.0162562540229885,0.00806660840336134,0.00164427777777778,0.00488857142857143,0.00639995238095238,0.00818986666666667,0.0113424102564103,0.00592829247311828,0.0113339344729345,0.0173039047619048,0.00764441441441441,0.00835249247311828,0.0143462731854839,0.00657207971014493
"79",80,0.5385,0.683,0.596,0.578,0.511,0.4975,0.569,0.564,0.485,0.5225,0.5085,0.499,0.445,0.465,0.463,0.457,0.432,0.4665,0.478,0.472,0.398,0.444,0.385,0.4165,0.0239877333333333,0.0444362666666667,0.0216618611111111,0.0105838095238095,0.0192221268939394,0.0186119781609195,0.016903875,0.0167331311827957,0.010565781512605,0.0443502570564516,0.0132505525846702,0.00647432258064516,0.00972683928571428,0.0132826666666667,0.0161975,0.006914125,0.0159325285285285,0.0162969712643678,0.018729815270936,0.013570791954023,0.00963015915915916,0.0243724061538462,0.010777323015873,0.0107663460144928
"80",81,0.493,0.584,0.47,0.475,0.503,0.467,0.503,0.5015,0.479,0.489,0.4915,0.513,0.488,0.539,0.4965,0.4685,0.492,0.47,0.487,0.483,0.4665,0.519,0.499,0.48,0.00929483928571428,0.0126562857142857,0.00394590476190476,0.00156714285714286,0.0255428428030303,0.0114680453781513,0.00683902822580645,0.00640954497354497,0.00379319327731092,0.00760396302521008,0.00615698841354724,0.00694909243697479,0.00545977777777778,0.00417771428571429,0.00472542857142857,0.00339698214285714,0.011870647311828,0.00760932258064516,0.00881465591397849,0.00432869318181818,0.00966034057971014,0.00546797816091954,0.0255055197044335,0.00958403655913979
"81",82,0.7995,0.6245,0.709,1.2215,0.6345,0.593,0.6935,0.973,0.515,0.531,0.526,0.95,0.545,0.548,0.536,0.497,0.5175,0.522,0.5615,0.687,0.464,0.475,0.5375,0.691,0.0127715,0.0421202857142857,0.0375689444444444,0.141719366666667,0.0189896800356506,0.0126641058823529,0.0280460320855615,0.095393766798419,0.01004585,0.00454492051282051,0.0275743396825397,0.0482647462121212,0.0598615714285714,0.00704769642857143,0.02527,0.0108973,0.0175132380952381,0.00689819920634921,0.0177995393145161,0.0651310473790323,0.0143056554621849,0.00372594957983193,0.0389229171122995,0.0895829677419355
"82",83,0.5585,0.4895,0.555,0.667,0.51,0.565,0.572,0.6555,0.4655,0.542,0.507,0.581,0.428,0.454,0.4165,0.5835,0.425,0.4365,0.424,0.534,0.42,0.443,0.4035,0.5195,0.0183376428571429,0.00657583928571428,0.023503,0.0124035535714286,0.00896344318181818,0.00950372268907563,0.0146634588235294,0.022523216733871,0.0103720920634921,0.00893876428571428,0.00904798968253968,0.00945001290322581,0.031481619047619,0.000845619047619048,0.0105369888888889,0.0166948888888889,0.0128387973484848,0.00446838762446657,0.00826432773109244,0.0132750571428571,0.0107657109243697,0.00636706386554622,0.00647083492063492,0.00481202941176471
"83",84,0.5565,0.6235,0.584,0.645,0.5085,0.561,0.5485,0.73,0.473,0.5235,0.495,0.72,0.641,0.545,0.438,0.7535,0.538,0.523,0.533,0.785,0.4605,0.526,0.463,0.694,0.00197326785714286,0.00662876666666667,0.00540127777777778,0.0659859523809524,0.0103638641536273,0.0143124669365722,0.00996249206349206,0.0234419857397504,0.00827518634423898,0.0072361247771836,0.00832263963963964,0.0248517916666667,0.0175171222222222,0.0116210277777778,0.00185861904761905,0.0145705714285714,0.00609422972972973,0.01557656685633,0.0080149,0.0226425224867725,0.00472796428571429,0.00496672617354196,0.00731638151260504,0.0217152554621849
"84",85,0.455,0.433,0.537,0.665,0.428,0.3925,0.471,0.657,0.4185,0.414,0.436,0.6475,0.4115,0.4055,0.43,0.47,0.382,0.348,0.425,0.537,0.391,0.3775,0.422,0.499,0.01913175,0.00801711111111111,0.0142115277777778,0.0107398611111111,0.00569463814616756,0.00498324039829303,0.0126933009446694,0.0123374053030303,0.00548644444444444,0.00453888138138138,0.00366273123123123,0.0148310554435484,0.00246026785714286,0.0116319555555556,0.0378875,0.00559266666666667,0.00702042142857143,0.00390019985775249,0.0106244219219219,0.010466527027027,0.00628886890756302,0.00812267496443812,0.00571545448079659,0.00782886587301587
"85",86,0.737,0.661,0.538,0.543,0.5745,0.604,0.6195,0.593,0.668,0.601,0.632,0.56,0.573,0.496,0.477,0.5885,0.515,0.508,0.505,0.498,0.549,0.5095,0.494,0.548,0.0274294444444444,0.0178336111111111,0.0955917666666667,0.0270227777777778,0.0428473618951613,0.0313295159663866,0.0156352584670232,0.023670487394958,0.0499718064516129,0.0234379865546218,0.0353464823529412,0.0202048521008403,0.00488111111111111,0.00961627777777778,0.0835385714285714,0.0555572678571428,0.00927119831932773,0.0335264214285714,0.0170824450757576,0.0115876363636364,0.0837130374331551,0.0817790338680927,0.0127711849462366,0.0446480473484849
"86",87,0.509,0.455,0.544,0.519,0.501,0.5185,0.547,0.531,0.478,0.52,0.48,0.5675,0.481,0.459,0.478,0.434,0.486,0.493,0.472,0.5255,0.451,0.521,0.473,0.4985,0.00207683928571428,0.0068227,0.00756669444444445,0.00564069444444444,0.017212037037037,0.0079476091954023,0.0122715795454545,0.00674292234848485,0.0109958645320197,0.0124573215725806,0.00963907142857143,0.012001582010582,0.00890466666666667,0.0180702380952381,0.0104715,0.0161648,0.00562971794871795,0.00676332266009852,0.0133747948717949,0.00707601426024955,0.00984394871794872,0.0100679247311828,0.00662464772727273,0.00731304022988506
"87",88,0.754,0.6245,0.686,0.813,0.652,0.649,0.6405,0.772,0.6485,0.675,0.6935,0.77,0.6545,0.517,0.5575,0.6755,0.541,0.533,0.5565,0.6485,0.557,0.5795,0.613,0.663,0.0459083611111111,0.008897125,0.010352,0.0283408611111111,0.0158536785714286,0.0159636352941176,0.0248883146167558,0.0521911761363636,0.0247504920634921,0.0184729545454545,0.0269539968253968,0.0627036871921182,0.0152648571428571,0.00912698214285714,0.0251820444444444,0.034666,0.00823378487394958,0.0128116420454545,0.00933140448717949,0.0459120251322751,0.0146362252252252,0.0225712489919355,0.0139243243243243,0.0196638746438746
"88",89,0.516,0.468,0.519,0.607,0.443,0.5025,0.422,0.61,0.442,0.49,0.4075,0.583,0.4585,0.55,0.448,0.6325,0.447,0.47,0.4135,0.591,0.437,0.475,0.458,0.571,0.0102,0.00105,0.0172503611111111,0.0104815535714286,0.00447824705882353,0.0192130816091954,0.0175932217741935,0.0264308275862069,0.00373797142857143,0.00719734975369458,0.0101215554435484,0.0454763724137931,0.024888125,0.00400358333333333,0.0210469523809524,0.00573586666666667,0.0124623862068966,0.0113759857549858,0.0189234206896552,0.0214663384615385,0.00595278655462185,0.00355882336182336,0.0217554,0.0137665
"89",90,0.666,0.707,0.703,0.83,0.7075,0.675,0.671,0.826,0.791,0.6735,0.717,0.725,0.7255,0.621,0.526,0.613,0.649,0.601,0.635,0.678,0.611,0.655,0.6185,0.686,0.0486596964285714,0.00717880952380953,0.01992,0.0719877142857143,0.0379199071428571,0.0256922254623044,0.0181627342342342,0.0521463983193277,0.105483807807808,0.0136153611111111,0.0247011036036036,0.0270887071428571,0.0382017333333333,0.02468675,0.0158162678571429,0.0860711428571429,0.0381833579831933,0.0249625206349206,0.0199452214285714,0.0349574414414414,0.054902020242915,0.0182155357624831,0.0199691586059744,0.0247015435435435
"90",91,1.1685,0.855,2.06,1.021,1.147,1.547,1.116,0.943,1.269,1.5195,1.051,0.939,0.813,0.639,0.668,0.641,0.7615,0.729,0.7365,0.727,0.675,0.788,0.679,0.767,0.332521642857143,0.211157952380952,0.5308022,0.200252266666667,0.208403178494624,0.513966421652422,0.16073640952381,0.12235464,0.222590754022988,0.271543788505747,0.0929668787878788,0.129887083333333,0.217800777777778,0.0618083611111111,0.0682091222222222,0.1105,0.0749348600713012,0.137618342857143,0.0234448609195402,0.0516481098484848,0.0512110453781513,0.100706693548387,0.0415630623885918,0.109834187192118
"91",92,0.551,0.577,0.5075,0.556,0.48,0.514,0.471,0.6065,0.4305,0.455,0.4665,0.637,0.481,0.4835,0.452,0.6655,0.451,0.457,0.488,0.572,0.458,0.427,0.458,0.6605,0.0118238777777778,0.0250775666666667,0.0033164,0.0809327,0.017655243697479,0.0141708135080645,0.0113020900900901,0.048640231884058,0.0071578752228164,0.0129656921921922,0.0100574452347084,0.0436564177489178,0.0396467777777778,0.036646,0.00815675,0.0238792678571429,0.0094424979757085,0.0120061042016807,0.0100501928571429,0.0410349532019704,0.00786299092741936,0.0155912571428571,0.00811941741741742,0.0397528770053476
"92",93,0.601,0.568,0.442,0.5755,0.493,0.554,0.541,0.5665,0.4865,0.522,0.47,0.525,0.366,0.477,0.3235,0.585,0.415,0.382,0.361,0.4845,0.3165,0.467,0.376,0.468,0.0140322333333333,0.0226942380952381,0.00953751111111111,0.00447091666666667,0.00971740840336135,0.0152042155797101,0.00862169230769231,0.0162080416666667,0.010599077540107,0.0144734025974026,0.00608780871212121,0.0220615087719298,0.0100266111111111,0.0414535833333333,0.0104503,0.0121870714285714,0.0141879161290323,0.0153410631578947,0.0118971231527094,0.0242952753623188,0.0134184938461538,0.0116932571428571,0.00744854634581105,0.013496730994152
"93",94,0.493,0.674,0.506,0.6845,0.5905,0.649,0.589,0.71,0.563,0.649,0.5645,0.658,0.523,0.624,0.452,0.594,0.561,0.64,0.568,0.71,0.587,0.603,0.514,0.657,0.00538998214285714,0.0102574761904762,0.00578569444444445,0.0516686964285714,0.0168132406417112,0.03262394,0.0159684798387097,0.0512623399209486,0.0161203870967742,0.0470242592592593,0.00958015221774194,0.107396083333333,0.024449,0.00790933333333334,0.00966057142857142,0.0776177777777778,0.0181811873015873,0.0432693842364532,0.0151391553030303,0.117183996047431,0.0218417613445378,0.0415013532763533,0.00767346256684492,0.0612040317460317
"94",95,0.704,0.828,0.667,0.7345,0.713,0.789,0.676,0.831,0.635,0.6825,0.6495,0.69,0.637,0.524,0.65,0.685,0.669,0.636,0.6665,0.7745,0.573,0.6665,0.59,0.6625,0.0242171111111111,0.0618541944444444,0.01865925,0.0198014107142857,0.0338723655913978,0.0431010049261084,0.0219566366366366,0.0562203109243697,0.0136539025210084,0.0546027570564516,0.0206887736185383,0.0181118521008403,0.0128255277777778,0.0186339821428571,0.00935994444444444,0.0336728611111111,0.0343221928571429,0.0327636786786787,0.025976216733871,0.0586111203208556,0.0153855260504202,0.143431548387097,0.0107531430499325,0.0204782373015873
"95",96,0.224,0.3105,0.271,0.452,0.2775,0.263,0.2745,0.227,0.202,0.258,0.218,0.2115,0.5105,0.199,0.144,1.302,0.306,0.2215,0.293,0.33,0.2275,0.3115,0.243,0.211,0.001261,0.0197835833333333,0.0084937,0.25305025,0.0133609891774892,0.0323978300653595,0.00840387229437229,0.0169420769230769,0.00664506666666667,0.00937778362573099,0.00788599134199134,0.00369495751633987,0.051639,0.01409,0.00720033333333334,0.290630333333333,0.0125824705882353,0.0377696483516484,0.00955426666666667,0.0434010256410256,0.0448724242424242,0.0675339090909091,0.0140037435897436,0.0084616
"96",97,0.524,0.6595,0.6355,0.762,0.697,0.7045,0.67,0.85,0.6735,0.626,0.768,0.828,0.523,0.5155,0.801,0.7505,0.548,0.423,0.514,0.872,0.6435,0.437,0.638,0.84,0.0295069523809524,0.0808843222222222,0.0369984,0.049576619047619,0.0469731201201201,0.0451325873015873,0.0414095883940621,0.0566206723484848,0.0490082857142857,0.0413629928571429,0.0536926944444444,0.0315238428030303,0.0160550277777778,0.103449822222222,0.0711505,0.0157664555555556,0.0676143588588589,0.0280024062078273,0.0352620555555556,0.0547368520499109,0.0762951550802139,0.0101872773826458,0.0771133357142857,0.0358126100840336
"97",98,0.82,0.6795,0.631,0.873,0.6485,0.724,0.656,0.677,0.7155,0.703,0.6365,0.711,0.523,0.605,0.51,0.701,0.5645,0.6475,0.565,0.663,0.533,0.6455,0.5195,0.6285,0.00837733333333334,0.00727982222222222,0.00744014285714286,0.0712784444444445,0.0184092057471264,0.025788887394958,0.0184401477272727,0.0177414034090909,0.0250368941532258,0.0156312235294118,0.0145033413547237,0.0216725344827586,0.0214797888888889,0.0156124761904762,0.0174206190476191,0.0232554666666667,0.0308496560846561,0.01740826114082,0.0422890279569892,0.0216730665024631,0.0167018054187192,0.0254406532976827,0.0382832747126437,0.0108922473544974
"98",99,0.512,0.435,0.536,0.587,0.4905,0.4605,0.477,0.6125,0.5015,0.4495,0.439,0.498,0.4365,0.328,0.304,0.445,0.437,0.388,0.423,0.457,0.4235,0.384,0.401,0.439,0.0033155,0.01201675,0.00422455357142857,0.0351135535714286,0.00605451493598862,0.0116662402298851,0.00924214709851552,0.0188074010695187,0.00535856685633002,0.00946235650623886,0.0029207803030303,0.0138467487684729,0.0161149444444444,0.010339,0.0122155714285714,0.0152021944444444,0.00783797371794872,0.0072629025210084,0.0129126636636637,0.00998628571428571,0.00717757661290323,0.0113987226890756,0.0106892218487395,0.0135377032258065
"99",100,0.396,0.401,0.43,0.5375,0.38,0.415,0.411,0.462,0.41,0.391,0.408,0.4695,0.3405,0.367,0.407,0.542,0.401,0.417,0.404,0.516,0.38,0.399,0.398,0.5105,0.00822225,0.00476161111111111,0.00672428571428571,0.0190403,0.0124266602822581,0.0100582670454545,0.00812506216931217,0.023418347826087,0.00934671182795699,0.00325532773109244,0.00837252463054187,0.0117989861538462,0.0110725714285714,0.00141725,0.004712,0.014945619047619,0.0118470587121212,0.00360808253968254,0.00842070454545455,0.0273200476190476,0.00552191834677419,0.00283124153297683,0.0123466420454545,0.0160275953846154
"100",101,0.573,0.601,0.585,0.673,0.555,0.548,0.603,0.543,0.585,0.545,0.614,0.536,0.6,0.504,0.5495,0.496,0.502,0.527,0.566,0.5555,0.531,0.499,0.541,0.459,0.00861125,0.0137578095238095,0.00155461904761905,0.0225658333333333,0.0192795932773109,0.0308699865546219,0.0248194678030303,0.0145107612903226,0.0165764962121212,0.0125567697478992,0.0103023579831933,0.0110046782531194,0.0145922678571429,0.0376928392857143,0.00520662222222222,0.00435428571428571,0.0157072322580645,0.0117466944444444,0.0163864804804805,0.0215062182539683,0.0131285197044335,0.00841444946236559,0.0133296781609195,0.00623448850574713
"101",102,0.476,0.529,0.5,0.732,0.493,0.483,0.483,0.727,0.443,0.5245,0.513,0.72,0.444,0.382,0.5385,0.564,0.466,0.397,0.457,0.464,0.476,0.448,0.4805,0.477,0.0801744444444445,0.0285156944444444,0.00871386111111111,0.0261758666666667,0.0168471381381381,0.0165522438423645,0.0103752178030303,0.066755921182266,0.00847164369747899,0.0235187689655172,0.0190606921921922,0.0391451794871795,0.00632202777777778,0.0106729047619048,0.0413864107142857,0.0411454666666667,0.0120660534759358,0.0236457161290323,0.0173498188405797,0.0448602,0.013772711827957,0.0245447025210084,0.0105093373015873,0.0331793201970443
"102",103,0.6505,0.712,0.504,0.686,0.5895,0.67,0.564,0.641,0.564,0.657,0.601,0.585,0.532,0.561,0.456,0.653,0.461,0.525,0.456,0.5555,0.446,0.564,0.4865,0.576,0.0205389821428571,0.0431553333333333,0.0108002678571429,0.0311096428571428,0.0308332984615385,0.0286550634920635,0.017851578817734,0.0254823768939394,0.0258604989247312,0.0143297973484848,0.0258795591397849,0.014982367816092,0.0180210714285714,0.0169924761904762,0.00947356666666667,0.00832057142857143,0.030145464516129,0.0224214068965517,0.0220906588235294,0.0120832489919355,0.0199079247311828,0.027843567816092,0.0142025443548387,0.0118867229885057
"103",104,0.543,0.678,0.491,0.684,0.534,0.569,0.531,0.5985,0.548,0.511,0.5275,0.538,0.473,0.6,0.49,0.4975,0.49,0.448,0.5025,0.548,0.474,0.475,0.458,0.474,0.0303117777777778,0.0230905535714286,0.010279,0.0590156111111111,0.0100702660098522,0.114882894623656,0.0130509992063492,0.0306420071301248,0.0101031666666667,0.0109489084084084,0.025269953654189,0.019209871657754,0.0245157142857143,0.0233596944444444,0.0105218392857143,0.00889907142857143,0.0101621630252101,0.0214900748663102,0.0147316,0.0571933842364532,0.0171318768939394,0.0100161378151261,0.0158980231854839,0.0205389161290323
"104",105,0.483,0.475,0.4465,0.494,0.417,0.468,0.436,0.5045,0.411,0.462,0.4385,0.523,0.4145,0.412,0.352,0.457,0.3695,0.4125,0.417,0.474,0.3785,0.427,0.3975,0.456,0.00841737777777778,0.0086642380952381,0.00893306666666667,0.00319228571428571,0.00868428978978979,0.00702047311827957,0.00446431461675579,0.0105601683467742,0.00606600504201681,0.00573744367816092,0.00819522177419355,0.00695358068783069,0.0051784,0.0014165,0.00348352777777778,0.00543947619047619,0.00266260695187166,0.00638999092741935,0.00860536129032258,0.00972917241379311,0.00615589919354839,0.0105070806722689,0.00692548286290322,0.0110732575757576
"105",106,0.45,0.515,0.444,0.502,0.486,0.5,0.448,0.49,0.4645,0.506,0.457,0.526,0.465,0.481,0.4245,0.421,0.426,0.481,0.442,0.4395,0.44,0.484,0.4415,0.469,0.0046218,0.0122116,0.0031935,0.00298507142857143,0.00532794466936572,0.00823392857142857,0.00655874621212121,0.00744069230769231,0.00490857397504456,0.00793925615763547,0.00777261861861862,0.00465949892473118,0.00229823809523809,0.0177073611111111,0.00341821428571429,0.00509586111111111,0.00483520634920635,0.00466822365591398,0.00676141532258065,0.00333945402298851,0.00540618719211823,0.00829366534391534,0.00373674598930481,0.00803448717948718
"106",107,0.375,0.503,0.425,0.568,0.427,0.4625,0.406,0.4385,0.398,0.455,0.4015,0.4795,0.3295,0.481,0.348,0.452,0.304,0.4285,0.385,0.374,0.334,0.377,0.3685,0.4145,0.0133610277777778,0.00836119444444444,0.00290575,0.00425328571428571,0.0158216477272727,0.0116354474153298,0.00385358968253968,0.0112405132275132,0.00798788965517242,0.0066928428030303,0.00363362142857143,0.0101864551724138,0.00775973333333333,0.00973057142857143,0.004196,0.00510878571428571,0.0114971378151261,0.0133935873015873,0.00309527419354839,0.0100720344827586,0.00890384670231729,0.00439512258064516,0.00407951724137931,0.0124918240740741
"107",108,0.6045,0.671,0.6905,0.593,0.52,0.549,0.542,0.7115,0.483,0.492,0.5035,0.712,0.537,0.5515,0.551,0.678,0.4785,0.51,0.507,0.616,0.495,0.5015,0.487,0.559,0.0215924888888889,0.016967125,0.0253456111111111,0.0262094761904762,0.0110262432432432,0.0126950810810811,0.00743160984848485,0.0489701684491979,0.0130717447447447,0.00714391349206349,0.0268945606060606,0.0661145241820768,0.0114927777777778,0.00748164285714286,0.00878528571428571,0.02394875,0.00616182857142857,0.00562796302521008,0.00582379327731092,0.0349759071428571,0.00935537651821862,0.00782934206349206,0.0143513258258258,0.0647676785714286
"108",109,0.448,0.459,0.51,0.494,0.459,0.445,0.4675,0.44,0.464,0.453,0.47,0.4325,0.473,0.3915,0.445,0.378,0.4425,0.4135,0.44,0.4215,0.424,0.3785,0.4395,0.355,0.01101025,0.00815252777777778,0.0110211111111111,0.0175364,0.0131467932773109,0.0104288963963964,0.0056625311942959,0.0104542944444444,0.0125772050420168,0.00719203303303303,0.0132197109243697,0.00924481878306878,0.00560935714285714,0.00562126785714286,0.01829475,0.013645619047619,0.00779212834224599,0.0112848277777778,0.00662555798319328,0.00927209274193548,0.00929605806451613,0.00804226470588235,0.0126406853832442,0.00905078655462185
"109",110,0.866,0.643,0.899,1.055,0.7315,0.5955,0.7485,0.929,0.6735,0.6295,0.68,0.799,0.6315,0.917,0.6995,0.684,0.605,0.6135,0.7055,0.71,0.6525,0.541,0.6245,0.677,0.0328865277777778,0.0274864107142857,0.0422823333333333,0.105653444444444,0.0382725502645503,0.0316424385026738,0.0200908636363636,0.0544787906403941,0.0178395980392157,0.0276224722617354,0.0311524471264368,0.0215107247311828,0.00509266666666667,0.0378376190476191,0.00578833333333334,0.012317619047619,0.0514301025641026,0.0204194838709677,0.0131924329710145,0.0473580214285714,0.00930678153846154,0.0137132571428571,0.0230947380952381,0.0558350303030303
"110",111,0.612,0.816,0.7725,0.698,0.676,0.7455,0.646,0.666,0.6375,0.6975,0.6515,0.677,0.666,0.681,0.616,0.557,0.6085,0.613,0.5725,0.627,0.6015,0.593,0.595,0.588,0.0152417,0.033485619047619,0.0373077666666667,0.0102849523809524,0.0183041908831909,0.0237515579710145,0.0186003870967742,0.0373506433333333,0.0102821129032258,0.0127632155797101,0.0132890635080645,0.01813299,0.016753125,0.1304917,0.006166,0.0055773,0.00666424153846154,0.01512841,0.00584503931451613,0.0206660285714286,0.00854917989417989,0.00864979710144928,0.00833446031746032,0.00926479487179487
"111",112,0.406,0.46,0.451,0.472,0.478,0.478,0.458,0.521,0.46,0.506,0.4815,0.512,0.4285,0.583,0.418,0.5575,0.459,0.501,0.444,0.541,0.45,0.53,0.429,0.5235,0.0144836944444444,0.00910021428571429,0.00725283928571428,0.0106921944444444,0.0125823591397849,0.00840867806267806,0.00960499663865546,0.0245227438423645,0.00702605871212121,0.0101518143939394,0.00489438968253968,0.0130895075757576,0.00973914285714285,0.0148087777777778,0.00351925,0.0025528,0.00765361008403361,0.00732804723707665,0.0141480117647059,0.0155292670454545,0.00742611612903226,0.0141745495798319,0.0053930218487395,0.0156443214285714
"112",113,0.5185,0.514,0.449,0.695,0.5125,0.537,0.492,0.64,0.49,0.488,0.465,0.565,0.434,0.488,0.463,0.5915,0.4775,0.467,0.447,0.5745,0.451,0.452,0.4825,0.556,0.00891041071428572,0.00373427777777778,0.000805333333333333,0.0186384,0.00713358288770054,0.0087519375,0.0061667027027027,0.0213463712121212,0.00742805546218487,0.00511946396396396,0.0101553613445378,0.0144382660098522,0.00825098214285714,0.00483719444444445,0.00290045555555556,0.0301882777777778,0.0114622425320057,0.00469155195681511,0.0110058796791444,0.0226306595365419,0.00924521921921922,0.00361510158730159,0.0117989530583215,0.0112407277310924
"113",114,0.414,0.403,0.483,0.5835,0.453,0.452,0.524,0.577,0.4295,0.429,0.482,0.584,0.4465,0.4045,0.495,0.535,0.45,0.412,0.45,0.5865,0.453,0.424,0.4655,0.532,0.0109375277777778,0.00385352777777778,0.00299941071428572,0.0186865,0.0151437109243697,0.00821031309041836,0.0147272361673414,0.00754116428571429,0.0169778044096728,0.00610614709851552,0.00666875525525526,0.0178659219219219,0.0101456555555556,0.00484645555555556,0.00867344444444445,0.0264725714285714,0.010418709851552,0.00984902418207682,0.00468916825396825,0.0150235294117647,0.0152421936936937,0.00452294736842105,0.00686490396825397,0.00738353978494624
"114",115,0.4775,0.494,0.455,0.541,0.503,0.454,0.4775,0.549,0.464,0.433,0.458,0.4995,0.481,0.445,0.461,0.609,0.4815,0.4195,0.4865,0.632,0.4445,0.4085,0.447,0.528,0.0003844,0.011324,0.00616769642857143,0.0124292857142857,0.00400814778325123,0.00850634084084084,0.00669773015873016,0.00930357007575758,0.00545653556187767,0.00371957777777778,0.00337872063492063,0.00921630645161291,0.00570283928571429,0.00585115555555555,0.00227469642857143,0.0181308571428571,0.0041954,0.00287006587301587,0.00352319786096257,0.00901656111111111,0.00436055873015873,0.00296204871794872,0.00288803492063492,0.00993369411764706
"115",116,0.658,0.562,0.639,0.682,0.557,0.549,0.577,0.614,0.6035,0.6075,0.576,0.618,0.6015,0.5845,0.546,0.614,0.569,0.535,0.563,0.639,0.602,0.5415,0.582,0.645,0.0104885666666667,0.00551983333333333,0.00892527777777778,0.0304293888888889,0.0055711553030303,0.00364726512096774,0.00673528235294118,0.00890972522522522,0.0105527593582888,0.0186942290552585,0.00636124174174174,0.0181217560455192,0.0128839285714286,0.00557171428571429,0.0119300277777778,0.00765136666666667,0.00480443939393939,0.00779917234848485,0.00785345454545455,0.0130643200757576,0.0325727290322581,0.0123090126436782,0.0152908143939394,0.0131991354679803
"116",117,0.364,0.403,0.3565,0.385,0.379,0.39,0.3835,0.41,0.382,0.39,0.373,0.395,0.356,0.361,0.3635,0.3435,0.351,0.36,0.3805,0.3735,0.366,0.373,0.39,0.37,0.00223514285714286,0.0056585,0.00101416666666667,0.116811333333333,0.00276809852216749,0.00393062121212121,0.00183959655172414,0.0123548387096774,0.00790812605042017,0.00367092258064516,0.00233114438502674,0.00561253439153439,0.00281333333333333,0.00685114285714286,0.00372285714285714,0.0174443222222222,0.0038807207977208,0.00499294507575758,0.00300306048387097,0.0119569625668449,0.0030121553030303,0.00501456129032258,0.00576049621212121,0.00580154957983193
"117",118,0.589,0.492,0.544,0.608,0.512,0.466,0.4745,0.565,0.482,0.506,0.493,0.516,0.8565,0.556,0.633,0.5645,0.5385,0.489,0.48,0.6125,0.492,0.465,0.486,0.567,0.03042675,0.0175629523809524,0.0103706944444444,0.00937119444444444,0.0110675473484848,0.0200187311827957,0.0133760796370968,0.0167856950757576,0.0086938428030303,0.0150976951951952,0.0105643139784946,0.0156866456456456,0.0798653444444444,0.0430658095238095,0.00736542857142857,0.0376274107142857,0.0143169015873016,0.0136454924369748,0.00965253931451613,0.0194852751322751,0.00793188571428572,0.0221319025210084,0.00875656559139785,0.0292941354723708
"118",119,0.513,0.513,0.506,0.474,0.4825,0.523,0.524,0.508,0.516,0.529,0.501,0.495,0.425,0.428,0.4535,0.46,0.412,0.4305,0.4285,0.462,0.446,0.455,0.444,0.44,0.00248921111111111,0.00317685714285714,0.00862323809523809,0.00387966666666666,0.00579310962566845,0.0062854039408867,0.00913754367201426,0.00477971182795699,0.0104849046941679,0.0111786733333333,0.00656574628879892,0.00951259885057471,0.01012825,0.000943122222222222,0.00756604444444444,0.00410775,0.00418890184921764,0.0034792367816092,0.00327532620320856,0.0047249696969697,0.00259811612903226,0.00558529166666667,0.00816083529411765,0.00487113663663664
"119",120,0.685,0.663,0.7425,0.9175,0.663,0.702,0.784,0.802,0.7245,0.714,0.7255,0.764,0.775,0.7195,0.595,0.81,0.619,0.658,0.658,0.727,0.636,0.638,0.645,0.6825,0.0304517777777778,0.00885411111111111,0.0219355,0.0364233571428571,0.0176496275862069,0.0201462178030303,0.019142064516129,0.0323784781609195,0.0159930298850575,0.0115421983193277,0.0237384609195402,0.0253341098484848,0.0100682857142857,0.0411286666666667,0.0383872380952381,0.0180379444444444,0.0204939344729345,0.0171114301994302,0.0199429261363636,0.0212707178030303,0.0158836042780749,0.0199656741741742,0.0134818954022989,0.0153447396825397
"120",121,0.572,0.694,0.783,0.635,0.674,0.566,0.5585,0.612,0.445,0.5725,0.4765,0.649,0.5935,0.533,0.5295,0.569,0.492,0.6525,0.486,0.572,0.632,0.71,0.6195,0.6375,0.0260055111111111,0.0844789523809524,0.0345726964285714,0.03206225,0.0312267736185383,0.0485600471264368,0.0239771532051282,0.0254063280632411,0.0457881506238859,0.0342894126436782,0.040703359886202,0.0387854359605911,0.0251391428571429,0.0087687,0.0242192111111111,0.0187133,0.0484199365721997,0.0297472247983871,0.0225287462121212,0.0169667807486631,0.0431538907563025,0.0357131806451613,0.0366408172905526,0.0459297056451613
"121",122,0.545,0.793,0.6245,0.633,0.552,0.6225,0.545,0.623,0.552,0.551,0.5125,0.577,0.797,0.648,0.47,0.5855,0.4585,0.471,0.4615,0.608,0.464,0.451,0.447,0.513,0.0216075666666667,0.0748952777777778,0.0135680444444444,0.0572082,0.0292606321321321,0.0223406451612903,0.0090165,0.0163395,0.0108701611111111,0.0327809278074866,0.00768532361308677,0.00856743193277311,0.0860686964285714,0.063015,0.00843271111111111,0.0358194666666667,0.019747826458037,0.0266026924731183,0.00771167857142857,0.015843256916996,0.00628630499325236,0.0164732068965517,0.00686102564102564,0.0134183087121212
"122",123,0.752,0.75,0.558,0.997,0.756,0.829,0.626,0.807,0.828,0.7815,0.675,0.782,0.722,0.896,0.951,0.9315,0.7435,0.92,0.729,0.762,0.755,0.798,0.767,0.899,0.0918456111111111,0.0256976111111111,0.0850632111111111,0.0364713333333333,0.0459854705882353,0.0548177817460317,0.0996435285285285,0.0922482250712251,0.0658722192192192,0.0518547570564516,0.253753515966387,0.115798314393939,0.04877625,0.0421966944444445,0.1207455,0.0413575,0.0748039317211949,0.160212583333333,1.05982058704453,0.0422896945812808,0.0546789161290323,0.0465790816091954,1.6399086875,0.102271001893939
"123",124,0.454,0.393,0.4685,0.543,0.402,0.42,0.419,0.557,0.392,0.41,0.402,0.534,0.369,0.371,0.434,0.386,0.371,0.374,0.411,0.495,0.368,0.4175,0.399,0.4935,0.006561,0.0100432380952381,0.00656023333333333,0.0288,0.00718593543543544,0.00779878931451613,0.00668363725490196,0.0155500666666667,0.00409756989247312,0.00868075806451613,0.00847103238866397,0.0216265763157895,0.00855090476190476,0.00279861111111111,0.00672661111111111,0.00848761904761905,0.00563266755793226,0.00641873968705548,0.00880802580645161,0.0101204753694581,0.00614558734402852,0.00418238306451613,0.0061197247983871,0.0105542486772487
"124",125,0.716,0.813,0.536,0.625,0.851,0.7255,0.7735,0.633,0.828,0.784,0.732,0.565,0.7915,0.738,0.5755,0.6745,0.59,0.64,0.665,0.5535,0.586,0.7615,0.691,0.495,0.015138,0.0652566944444444,0.0171718095238095,0.0577706222222222,0.04946710591133,0.040342523015873,0.0553685454545454,0.0330220924369748,0.0458962192118227,0.0598394831309042,0.0506615197044335,0.0271203142857143,0.0195494666666667,0.0724542333333333,0.0158208392857143,0.0443827111111111,0.0382380333333333,0.0357358044871795,0.06457966,0.0313668967948718,0.0655639236842105,0.0313805606060606,0.0505300904761905,0.0224855341394026
"125",126,0.506,0.646,0.685,0.6835,0.6685,0.551,0.658,0.644,0.649,0.539,0.607,0.678,0.532,0.4805,0.535,0.5465,0.512,0.535,0.55,0.5675,0.549,0.518,0.526,0.5705,0.00756069642857143,0.0709471111111111,0.00915695238095238,0.0111597142857143,0.011010716733871,0.033945323015873,0.0249989630541872,0.0187824848484848,0.0159854260249554,0.0233394709851552,0.0118719545454545,0.0308454322580645,0.00458521111111111,0.00839478571428572,0.0358653571428572,0.0282106666666667,0.0102059966386555,0.0121469966386555,0.0250223172413793,0.0307234022988506,0.0244408611111111,0.021651668907563,0.0164169275362319,0.0205488
"126",127,0.495,0.468,0.441,0.5965,0.541,0.4935,0.495,0.6315,0.5195,0.508,0.4795,0.634,0.485,0.5285,0.426,0.725,0.49,0.4625,0.462,0.63,0.4595,0.49,0.4335,0.598,0.00441519444444444,0.002655,0.00224169444444445,0.0342708392857143,0.00514180448717949,0.0052866253968254,0.00636354117647059,0.0199534329710145,0.00327617142857143,0.00384771794871795,0.00441756258890469,0.0135393353846154,0.00402225,0.00890798214285714,0.00149944444444444,0.0169974761904762,0.00396188691322902,0.00377691954022989,0.00466005555555556,0.0146500421052632,0.00332684779516358,0.00344029915966386,0.00454338057040998,0.00687275714285714
"127",128,0.5545,0.4895,0.542,0.579,0.494,0.453,0.5245,0.578,0.516,0.484,0.5385,0.58,0.472,0.428,0.533,0.663,0.504,0.425,0.538,0.6385,0.489,0.436,0.473,0.62,0.0219764888888889,0.00800543333333334,0.00624061111111111,0.0124822333333333,0.00781945345345345,0.019330523015873,0.00536734135472371,0.0102288143939394,0.0105222634920635,0.00527600713012478,0.00902285396825397,0.0101313618538324,0.00705377777777778,0.00707706666666667,0.00768241071428572,0.0104287857142857,0.00733703225806451,0.00731682132132132,0.0074615990990991,0.00665069312169312,0.0056922012012012,0.00549402016806723,0.00939410588235294,0.0115349581280788
"128",129,0.576,0.732,0.685,0.702,0.641,0.645,0.608,0.65,0.619,0.583,0.647,0.707,0.561,0.563,0.577,0.769,0.593,0.5375,0.566,0.6665,0.592,0.523,0.573,0.6195,0.00186933333333333,0.0242957666666667,0.0221033777777778,0.00588232222222222,0.0144917867867868,0.0160492279569892,0.00982123655913979,0.011434951951952,0.0172563921568627,0.0128098428030303,0.0353009109243697,0.0193963296370968,0.00335977777777778,0.00355387777777778,0.00606467777777778,0.0153848095238095,0.0147104336134454,0.00670403492063492,0.00530225225225225,0.0167995816091954,0.0122437247510669,0.00716417741935484,0.00711667140825036,0.0222353326923077
"129",130,0.58,0.69,0.58,0.752,0.58,0.611,0.602,0.626,0.5175,0.493,0.499,0.514,0.53,0.584,0.553,0.535,0.467,0.457,0.4555,0.527,0.446,0.442,0.416,0.4265,0.0270358392857143,0.0176888571428571,0.0295476944444444,0.01375375,0.00979858558558559,0.014027669365722,0.0342396456456456,0.0126517512605042,0.0105174373015873,0.0076407201426025,0.00888556825396825,0.0061338963963964,0.0167092380952381,0.02287775,0.0266365714285714,0.01883975,0.00545322522522523,0.00805515158730159,0.01101265,0.0111372849206349,0.00663836470588235,0.0043878033033033,0.00526185435435435,0.00862478520625889
"130",131,0.447,0.377,0.406,0.458,0.46,0.392,0.392,0.482,0.489,0.408,0.374,0.475,0.379,0.3445,0.406,0.451,0.3945,0.3605,0.429,0.464,0.4005,0.3395,0.4435,0.48,0.0184912857142857,0.0163116964285714,0.0080795,0.0340613,0.0520236084033613,0.0162026954022989,0.0596356758893281,0.00729587464387465,0.0974069379310345,0.00947964731182796,0.0129888972332016,0.0457834102564103,0.00695245555555555,0.00872126785714285,0.011956,0.0130591555555556,0.00881502857142857,0.00375673684210526,0.016073291954023,0.0175790225225225,0.0089227201426025,0.00489312299465241,0.0130471428571429,0.137040861895161
"131",132,0.492,0.39,0.578,0.5265,0.4625,0.4625,0.4395,0.552,0.4595,0.401,0.444,0.4655,0.4655,0.461,0.397,0.5,0.425,0.392,0.434,0.4835,0.373,0.358,0.344,0.412,0.0115308392857143,0.0112161428571429,0.0113605714285714,0.00564026666666667,0.0097642253968254,0.00957619607843137,0.00789101264367816,0.00731207311827957,0.00821722142857143,0.0036737512605042,0.00808270967741936,0.00985036995967742,0.0189810666666667,0.005968125,0.00828706666666667,0.0128327,0.0081786559139785,0.00526568974358974,0.00802802795698925,0.0117857049910873,0.0069912,0.00367402631578947,0.00572782007575758,0.00465731439393939
"132",133,0.45,0.483,0.539,0.4725,0.4885,0.4875,0.542,0.535,0.46,0.493,0.5135,0.553,0.466,0.443,0.5215,0.49,0.4655,0.475,0.436,0.502,0.458,0.449,0.5195,0.481,0.0249538611111111,0.00728395238095238,0.017344,0.0080339,0.0106076762820513,0.013294862745098,0.0136904924369748,0.0174941978494624,0.00851943939393939,0.0142837254901961,0.0134391134920635,0.0209099892473118,0.0134476944444444,0.0005475,0.0241094333333333,0.0105388571428571,0.0120874563492063,0.0131442973484848,0.0142470170454545,0.0181876756302521,0.0119345840840841,0.0125031983193277,0.00949006451612903,0.0132195176470588
"133",134,0.541,0.476,0.458,0.456,0.517,0.4715,0.4965,0.4945,0.502,0.432,0.503,0.4685,0.4835,0.515,0.508,0.4855,0.459,0.455,0.481,0.463,0.4765,0.392,0.467,0.485,0.00930666666666667,0.00535980952380952,0.00358955357142857,0.00882086111111111,0.00935661673414305,0.0124313475935829,0.00898715508021391,0.00792780124777184,0.00833532019704433,0.00657159327731093,0.00666779166666667,0.00781392245989305,0.00688454444444445,0.00740284444444444,0.00711641071428572,0.00516621428571429,0.00785653603603603,0.00544708253968254,0.00880292745376956,0.0062531275862069,0.0114368991935484,0.0111024468253968,0.00765772916666667,0.00826472522522523
"134",135,0.511,0.489,0.5365,0.531,0.565,0.5545,0.557,0.543,0.5155,0.499,0.4965,0.508,0.53,0.603,0.479,0.453,0.496,0.498,0.498,0.487,0.476,0.455,0.4645,0.461,0.00508283928571429,0.023867,0.00541428571428571,0.00395044444444444,0.0127399569892473,0.0099200008912656,0.0079158428030303,0.0117239613445378,0.0109169527629234,0.00620290840840841,0.00539078520625889,0.00550959663865546,0.0157045714285714,0.0138625714285714,0.00519069444444444,0.0124488392857143,0.0107322352941176,0.0169952471264368,0.00718504196301565,0.00688145806451613,0.00598731792318634,0.00656155113636364,0.00575456773618538,0.0044920623655914
"135",136,0.769,0.65,0.612,0.751,0.672,0.6195,0.607,0.683,0.6425,0.632,0.601,0.636,0.738,0.608,0.6015,0.567,0.59,0.588,0.5995,0.592,0.582,0.593,0.56,0.6085,0.0392545277777778,0.01837525,0.028558,0.0317881111111111,0.0353883663663664,0.020116859886202,0.0194650780780781,0.0509538444444444,0.024942923015873,0.0237202307692308,0.00931083428165007,0.0204594009009009,0.0231275,0.0101923611111111,0.0721075111111111,0.0167815111111111,0.0359487777777778,0.0198479804804805,0.0248035362731152,0.0260356234817814,0.0290063252361673,0.0319273576248313,0.0234265883940621,0.0634288277777778
"136",137,0.452,0.481,0.4825,0.458,0.4455,0.472,0.434,0.465,0.428,0.432,0.44,0.445,0.458,0.471,0.465,0.497,0.4565,0.454,0.466,0.467,0.459,0.447,0.417,0.462,0.00404387777777778,0.00304096666666667,0.00343192857142857,0.0159505714285714,0.00297124682539683,0.0065272178030303,0.0030720928030303,0.00588477248677249,0.00480955871212121,0.00351094744744745,0.00391799663865546,0.0100521746031746,0.00767525,0.00433775,0.00554257142857143,0.0023582380952381,0.00286579737903226,0.00511069518716578,0.00475632007575758,0.00620727311827957,0.00327065210084034,0.0039627512605042,0.0056053731092437,0.0042362064516129
"137",138,0.436,0.426,0.408,0.427,0.4455,0.461,0.444,0.474,0.435,0.452,0.4395,0.4145,0.383,0.492,0.418,0.407,0.438,0.456,0.3995,0.4555,0.418,0.463,0.39,0.4225,0.00771696666666666,0.00835255357142857,0.0122399523809524,0.00482780952380953,0.012997294973545,0.0130436443850267,0.0111974466403162,0.0160796218487395,0.00767184782608696,0.00910141532258064,0.00505613421052631,0.00336696551724138,0.00892594444444444,0.0121357142857143,0.00927580952380953,0.00190880952380952,0.0076904756302521,0.00718292592592593,0.00872837142857143,0.00648154435483871,0.011439223655914,0.0126969697478992,0.00473273790322581,0.00775148461538461
"138",139,0.524,0.498,0.4705,0.735,0.4875,0.522,0.4805,0.57,0.4645,0.4595,0.472,0.5215,0.476,0.466,0.4545,0.525,0.443,0.458,0.47,0.549,0.433,0.418,0.4615,0.552,0.00918377777777778,0.00383377777777778,0.00349156666666667,0.0215062380952381,0.00316846159317212,0.00625907007575757,0.00415880873015873,0.0064446553030303,0.00315772190611664,0.00185492745376956,0.00468734637268848,0.00666466358463727,0.0106944888888889,0.00272227777777778,0.00523155555555556,0.012458125,0.00729739831932773,0.00309619487179487,0.00260083193277311,0.00555048739495798,0.00373467341430499,0.0024605873015873,0.00349973826458037,0.00774741741741742
"139",140,0.522,0.552,0.55,0.5,0.541,0.5205,0.5205,0.5835,0.512,0.5245,0.5115,0.575,0.52,0.5195,0.525,0.5835,0.493,0.506,0.4885,0.6185,0.51,0.507,0.504,0.6215,0.00571675,0.0245474444444444,0.0105298611111111,0.00450277777777778,0.0083897731092437,0.00474138608870968,0.00514789304812834,0.00933545811051693,0.00722947682709447,0.00681457486631016,0.00456789037433155,0.00818019831932773,0.00617494444444444,0.0071,0.0072561,0.010412,0.00776669365721997,0.00673286363636364,0.00539882857142857,0.0157656444444444,0.00500001587301587,0.00777068618618619,0.00862193927125506,0.012776216733871
"140",141,0.597,0.662,0.539,0.622,0.5885,0.68,0.641,0.7645,0.6365,0.607,0.6,0.66,0.529,0.531,0.541,0.6485,0.5585,0.608,0.573,0.636,0.498,0.535,0.477,0.5945,0.032656,0.0093452,0.00495976666666667,0.1923671,0.0242731891891892,0.0245940580645161,0.0573186373015873,0.0288838153846154,0.0192735115864528,0.0103491212121212,0.0157862727272727,0.0133772946236559,0.00432586666666667,0.0193978666666667,0.003758,0.1219968,0.150577592391304,0.0336497179487179,0.0744463425925926,0.0187813105413105,0.0125755242165242,0.0238059655172414,0.0266085270935961,0.0212285850574713
"141",142,0.46,0.379,0.429,0.413,0.4165,0.413,0.426,0.515,0.3935,0.39,0.412,0.473,0.4315,0.331,0.398,0.4275,0.38,0.357,0.382,0.402,0.3685,0.337,0.388,0.4005,0.0038393,0.00292225,0.00539980952380952,0.0362902380952381,0.00297375846702317,0.00588938051209104,0.00387138505747126,0.0123668374384236,0.00096254435483871,0.00314622352941176,0.00268107007575758,0.00413142118226601,0.00278078571428571,0.00245225,0.00541475,0.0206225714285714,0.0033638768939394,0.00295625525525526,0.00133402142857143,0.00795877840909091,0.00223478431372549,0.00246050189393939,0.0021714039408867,0.00635905258467023
"142",143,0.454,0.494,0.4475,0.601,0.526,0.549,0.519,0.575,0.486,0.5265,0.56,0.559,0.443,0.399,0.481,0.552,0.4775,0.453,0.471,0.5615,0.4475,0.493,0.462,0.532,0.00945057142857143,0.0156785535714286,0.0213282142857143,0.00987428571428571,0.0138931212121212,0.00760529144385027,0.00933704433497537,0.0175576365591398,0.0129433813813814,0.0100282328629032,0.0142231612903226,0.0198232518939394,0.005873125,0.00377569642857143,0.0162224107142857,0.016056,0.00801193968253968,0.00596133949579832,0.00437757647058824,0.00931103743315508,0.00963756666666667,0.00876644537815126,0.0126041889483066,0.00654549243697479
"143",144,0.405,0.4995,0.4055,0.561,0.425,0.485,0.42,0.517,0.413,0.47,0.393,0.503,0.399,0.518,0.382,0.536,0.421,0.499,0.422,0.518,0.4185,0.467,0.404,0.517,0.005658,0.0137638392857143,0.0078604,0.0024933,0.00663128253968254,0.00472147983870968,0.00595031428571429,0.0125910292397661,0.00564933333333333,0.00443007122507122,0.00484533033033033,0.00769222134387352,0.009001,0.00408361111111111,0.00707025,0.00992306666666667,0.00694203603603604,0.00315424901185771,0.006258503003003,0.00894288,0.00562265433854908,0.00275118233618234,0.0053232987987988,0.00834005666666667
"144",145,0.8495,0.758,1.208,0.686,0.772,0.775,0.795,0.656,0.8015,0.739,0.739,0.639,0.601,0.6305,0.6145,0.775,0.651,0.685,0.6285,0.688,0.6075,0.6005,0.595,0.605,1.39192946666667,0.000393000000000001,2.7751163,0.00973691666666666,0.103524852216749,0.030388003968254,0.257916135384615,0.03747591,1.35629989919355,0.0157130619047619,0.342776206451613,0.0161760753846154,0.2227323,0.0176947,0.00469914285714285,0.0139612,0.0248676468253968,0.0135560264550265,0.0150310322580645,0.0187208866995074,0.00932334576612903,0.0162090687830688,0.0179744666666667,0.0156186625615764
"145",146,0.471,0.487,0.504,0.721,0.433,0.48,0.459,0.556,0.4365,0.459,0.427,0.506,0.474,0.4865,0.4805,0.816,0.443,0.4735,0.489,0.575,0.45,0.4275,0.486,0.574,0.00459802777777778,0.0132271111111111,0.00978594444444444,0.0284074444444444,0.0057230756302521,0.0039184,0.0071709009009009,0.0151478433333333,0.00542076428571429,0.00809336470588235,0.00347109893048128,0.00931354985754986,0.00316790476190476,0.00555351111111111,0.0091988,0.0698966964285714,0.00353781008403361,0.00573391935483871,0.0114442040998217,0.0180358008658009,0.00700351596638656,0.00741995105820106,0.00849207963709677,0.0103632753846154
"146",147,0.543,0.5605,0.587,0.583,0.479,0.5295,0.4965,0.561,0.4585,0.587,0.486,0.516,0.506,0.767,0.5965,0.516,0.4365,0.4965,0.461,0.5195,0.436,0.5155,0.472,0.4765,0.00713848888888889,0.0678667857142857,0.0124304,0.0208333611111111,0.00887290420168067,0.0221812843915344,0.00483500711237553,0.0199909462184874,0.00426863492063492,0.0165307178030303,0.0127023598484848,0.00338082857142857,0.00687395238095238,0.0461533611111111,0.0460510666666667,0.0352045,0.011992243315508,0.0177770989304813,0.0186553295454545,0.0209961611111111,0.0127136898395722,0.00802765576102418,0.0168774062078273,0.00461094920634921
"147",148,0.748,0.6425,0.606,0.722,0.624,0.7425,0.601,0.663,0.616,0.639,0.625,0.624,0.538,0.6,0.697,0.655,0.636,0.638,0.5675,0.714,0.563,0.632,0.585,0.6555,0.0241332380952381,0.0173622857142857,0.00993061111111111,0.0160636111111111,0.015476487987988,0.0250752920634921,0.0156237522522523,0.027571843697479,0.0119792950089127,0.0149216825396825,0.00825308064516129,0.0176218981481482,0.00608575,0.00643594444444445,0.0177231944444444,0.0270295277777778,0.0164531553030303,0.0216658978978979,0.0107725420634921,0.0292123576248313,0.00874442105263158,0.0203218285714286,0.00539583033033033,0.0214490623885918
"148",149,0.68,0.769,0.5655,0.826,0.6095,0.685,0.542,0.756,0.597,0.719,0.541,0.771,0.493,0.616,0.665,0.6395,0.504,0.531,0.499,0.59,0.473,0.542,0.501,0.5145,0.00940726785714285,0.008646,0.0110277142857143,0.0264974444444444,0.0417519586206897,0.0171030883190883,0.0114642403361345,0.0493536938405797,0.0170009025210084,0.0266093712121212,0.0125097647058824,0.0328854009009009,0.00539436111111111,0.025113125,0.0237079523809524,0.0139471428571429,0.011001036036036,0.0158449223484848,0.00957441820768136,0.0372482064516129,0.00692400634920635,0.0275918235294118,0.00525823423423423,0.0193763538306452
"149",150,0.943,0.8885,0.968,0.718,0.667,0.6265,0.69,0.649,0.537,0.57,0.515,0.5555,0.743,0.815,0.829,0.79,0.6515,0.6445,0.684,0.684,0.5175,0.5465,0.511,0.5445,0.0348763333333333,0.046966,0.0493277142857143,0.0882547,0.0272338924731183,0.0136646935483871,0.0317753731092437,0.0209725473484849,0.00842804354354354,0.0046372218487395,0.0119659446693657,0.00797528307254623,0.0598289523809524,0.110482619047619,0.013217619047619,0.0200537,0.0164426884779516,0.0221019637096774,0.0225572834008097,0.0201823002645503,0.00970684495021337,0.0109785640113798,0.0044053033033033,0.00750044295900178
