"","htgt/hdst_.2","htgt/ldst_.2","ltgt/ldst_.2","ltgt/hdst_.2","htgt/hdst_.5","htgt/ldst_.5","ltgt/ldst_.5","ltgt/hdst_.5","htgt/hdst_.8","htgt/ldst_.8","ltgt/ldst_.8","ltgt/hdst_.8","htgt/ldst_.2","ltgt/ldst_.2","ltgt/hdst_.2","htgt/hdst_.5","htgt/ldst_.5","ltgt/ldst_.5","ltgt/hdst_.5","htgt/hdst_.8","htgt/ldst_.8","ltgt/ldst_.8","ltgt/hdst_.8"
"1",-0.207204933316733,-0.306588251514673,0.400012090922682,0.712900090855822,-0.0820587716142428,-0.425324956100244,-0.151490816325775,0.0923757116689345,-0.489451422332075,-0.756357233373228,-0.409363793794577,-0.745234811393361,-0.273841056097099,-0.119429415967352,-0.356645690490279,-0.287905135907128,-0.391455779201383,-0.337333945896532,-0.29403599917057,-0.292542249839891,-0.376733233839443,-0.274007369359071,-0.192428258584121
"2",-0.075956009719984,-0.230520750548131,0.493546201260382,-0.00056484732966863,0.121063960248606,0.228671212514611,0.0105119536790133,-0.268107068978189,-0.0168104145465518,-0.11455440411126,0.154092106391455,-0.271856465886731,-0.347580174633906,-0.146695336265424,-0.365069229589874,-0.376148204211339,-0.298826695921588,-0.297489229960409,-0.35315587807845,-0.275604978676487,-0.34890146287374,-0.222681549458225,-0.429754195704557
"3",0.34279055604107,-0.0449160481897679,-0.304611540287993,0.147048588156985,-0.0856223283135907,0.0523126951353247,-0.135913626902237,-0.101971526592993,-0.0279751627619583,0.245481329377161,-0.118449062720268,-0.155390365008115,-0.00371478185140662,-0.124987400873901,0.598016721726955,-0.182822701724142,-0.29221473585479,-0.254801792704338,-0.302532282803986,-0.126729357040397,-0.201013748062902,-0.182535421856059,-0.380746673121203
"4",-0.694700935247512,-0.589559355110212,-0.504150975675087,-0.849342101377925,-0.694990523902137,-0.638424831266882,-0.469265480565936,-0.487531370241655,-0.58621257353226,-0.458936410056706,-0.446110917719753,-0.666338420475589,-0.308423508306718,-0.308610444552397,-0.454592194402821,-0.243969947452569,-0.240059128363136,-0.280117389178144,-0.239175416566059,-0.220245559634803,-0.29387149448821,-0.190651079136182,-0.429370814207991
"5",-0.713450781475619,-0.723438156811326,-0.638216533825791,-0.873944340625701,-0.972947946451299,-0.447369770772655,-0.774578393267268,-0.838610252263202,-0.943484516425254,-0.411975227427782,-0.936072570055434,-0.576171116569564,-0.289123620938826,-0.238374822541175,-0.347928840715738,-0.1663119322276,-0.262031444786085,-0.27672291212082,-0.401425075895173,-0.157082488847386,-0.0672811125756564,-0.223166810591645,-0.257979064948593
"6",-0.0822059584626864,-0.565217754800918,-0.0084201908852758,-0.132801883286462,-0.224601039588172,-0.32244915429566,0.0105119536790133,-0.224222208725496,-0.199167968731518,-0.498070728914143,-0.0725151578137971,-0.170418248992452,-0.393325792693606,-0.295092222588098,-0.41629730856924,-0.379782675027901,-0.169668606192894,-0.207796414335832,-0.142928508662561,-0.241195400494531,-0.24601268427151,-0.176234168327093,-0.281386276362864
"7",-0.454077908653474,0.149816754284581,-0.594567282334864,0.374619301198909,-0.495431348738637,-0.344493968968071,-0.472380918450644,0.0516254842914339,-0.638314731870822,-0.224130496912084,-0.305246942673246,-0.174175219988536,0.193670156885482,-0.306508395993651,-0.191783245140651,-0.218926001950172,-0.321459916298003,-0.179199403828968,0.257970467406985,-0.215052406190299,-0.245944591990005,-0.188994196965682,0.250730138020179
"8",-0.125955599661603,-0.665626856076754,-0.195488411560676,0.208554186276424,0.131754630346651,-0.44369563499392,-0.188876070942265,0.220895659551823,0.351626276561847,-0.302399134626958,0.147967585737259,0.389370429424118,-0.447614989350556,-0.181527925673244,-0.0166675001491072,-0.236932677059263,-0.199397464472583,-0.162287510711779,-0.0219504267983928,-0.0828641092937352,-0.183626102844757,-0.147814052831785,0.0524409343053061
"9",-1.13219734723667,0.00680985246748067,-0.949996901618125,-0.24043667999548,-0.744880317693013,-0.127719958022698,-0.730962262881364,-0.540820129119926,-0.988143509286878,-0.302399134626958,-0.715589826504378,-0.741477840397277,-0.0640773352138415,-0.108970296649953,-0.320760711133513,-0.195946370295857,-0.0896202317121073,-0.0817368105166435,-0.127741554904274,-0.128565420943917,-0.194431872154261,-0.0687857822394132,-0.334987725623319
"10",-0.160330317746466,-0.607815555342182,-0.304611540287993,-0.609470268712113,-0.787642998085191,-1.19689346963462,-0.755885765959023,-0.713224937255507,-1.092347825964,-1.13596012629037,-1.00956681790579,-1.51165689459457,-0.415782529938882,-0.251685987707937,-0.475670949132265,-0.118960454120997,-0.447011760258614,-0.30678565411035,-0.282873601048305,-0.31521998171811,-0.420669382903056,-0.288714913133038,-0.504662968851892
"11",-1.10719755226586,-0.796462957739207,-0.943761294262278,-0.797062342976402,-1.00501995674543,-0.609031745037001,-0.955273790580301,-0.882495112515895,-1.14444998430256,-0.854193030516821,-1.04631394183096,-1.30126651881385,0.145752694890279,-0.22830985166524,0.127439126188878,-0.354441214798037,-0.335989164946119,-0.320457241206741,-0.36661365678195,-0.27769797133552,-0.435939071824165,-0.288008068738248,-0.545086685361496
"12",-1.68844278533718,-1.52062556694069,-1.46131670479755,-1.27373072840205,-1.50035433795484,-1.28507272832427,-1.29797195789812,-1.44986366292572,-1.33797228670293,-1.23379592343396,-1.08918558641033,-1.48535809762198,-0.414662406862841,-0.300729360790457,-0.097815498094279,-0.376934013667992,-0.297709260076068,-0.257656167550627,-0.182188376000826,-0.269402229836206,-0.209390446590007,-0.247200652025754,0.201007055867187
"13",-0.188455087088626,-0.358314152171923,0.0508180789952674,-0.348071476704498,-0.260236606581654,-0.616380016594471,-0.126567313248115,-0.37468458673473,-0.214054299685392,-0.552858775314555,-0.268499818748069,-0.200474016961127,-0.415775189719133,-0.248112410269557,-0.492260805615831,-0.411616604308965,-0.348194889829517,-0.367810605913841,-0.411345098483201,-0.25516882827511,-0.419719485598082,-0.223762623704125,-0.134717368795342
"14",-0.36032867751294,-0.42525355302248,-0.214195233628216,-0.246587239807424,-0.737753204294316,-0.759671311965142,-0.422533912295325,-0.688147874253968,-0.712746386640196,-0.889413917488514,-0.599223934074654,-1.03827854908794,0.167400466698921,-0.291806225995249,-0.0741256758837843,-0.390088284408482,-0.355446247496581,-0.333471283537337,-0.375364836474046,-0.28388339198771,-0.369795414975361,-0.275362794183523,-0.248606162015438
"15",-0.725950678961024,-0.92729905940166,-0.572742656589401,-0.369598436046301,-0.616592276516477,-1.16750038340474,-0.438111101718862,-0.192875879973572,-0.459678760424325,-1.1750944451478,-0.378741190523597,-0.320697088835827,-0.267778561749778,-0.22842984653089,-0.134178283263294,-0.225128614172793,-0.423260518295341,-0.26912185099756,-0.265214419660598,-0.183443145013385,-0.343811085925133,-0.226675532201477,-0.208004619734801
"16",-0.197830010202679,-0.473936753641067,-0.0926008901892057,-0.701728665891272,-0.078495214914895,-0.491459400117477,0.0634743977190406,-0.333934359357228,-0.0354183282388957,-0.239784224455059,0.175527928681141,-0.155390365008115,-0.247258067938303,-0.254720267104877,-0.489565007296698,-0.31614777992132,-0.331494265618761,-0.32856103241108,-0.217016046934004,-0.220425982514599,-0.277404079535811,-0.241576771502594,-0.43225645655648
"17",0.536538967064842,0.408446257570825,0.0851139194524238,0.842061846906644,-0.053550318019457,0.412378001451368,-0.139029064786945,0.214626393801438,-0.0205319972850209,0.312009671434804,-0.188881050243521,0.52837835627924,-0.337010003662728,-0.224443101628243,-0.361154856292071,-0.33984490371447,-0.314101786991877,-0.348137621517191,-0.32798641632416,-0.233820784855432,-0.332038886012771,-0.216364045284254,-0.237705772384009
"18",1.94590240854421,4.96032551540872,1.55048164807639,2.90864994371979,0.929991331000653,2.13187354589941,0.546367269848697,1.55624926438378,0.199041384284631,0.754227474523843,0.135718544428867,0.269147357549418,10.2578555353194,1.87079491858453,0.973901966399834,-0.160273324374501,2.33698482271814,-0.111079896695513,2.50480428117327,-0.197087438681102,0.0196371578385565,-0.256322078416254,0.526269935153238
"19",0.467789530895116,0.23805505540577,0.521606434361692,0.577587774993057,0.345568032307544,0.831229480227174,0.381249061959202,0.286722949930863,0.306967283700223,0.812928952809999,0.362325808634119,0.874019687919001,-0.17068088000044,-0.158868591103658,-0.400157498736442,-0.31209170969824,-0.141220786197798,-0.260328418455402,-0.321369435254334,-0.150905142796169,-0.108713742364083,-0.114329617940034,-0.332676909602278
"20",-0.632201447820489,-0.982067660097571,-0.790988914044035,-0.4464804336956,-0.716371864098227,-0.994816001804191,-0.80884820999905,-0.54708939487031,-0.854166530702005,-1.53904361052197,-0.752336950429554,-0.89927062223282,-0.429536974673677,-0.323791282053645,-0.21550320649741,-0.418986344354684,-0.45269910457067,-0.370753639482338,-0.354445348393752,-0.291393334636088,-0.401956418233902,-0.279097523285653,-0.530650414169079
"21",0.986535276539407,0.368891157068223,1.06722207799828,0.445350739036263,1.00126246498762,1.04800349117255,0.70213916408407,0.224030292427015,0.723784550408715,1.44299148641474,0.742046089194272,0.979214875809363,-0.194916728163143,0.0305354762353205,-0.149383311593298,1.21692745634202,0.0725414232935677,0.190323735509123,0.158996602969793,0.157974834595404,0.0926297873838799,0.400014222266588,0.250739333099564
"22",-0.650951294048596,-0.288332051282704,-0.872051809670042,-1.0707622546079,-0.495431348738637,-0.102001007571551,-0.494188983643596,-0.550224027745503,-0.61598523544001,-0.0949872446825418,-0.280748860056461,-0.444677131706611,-0.312768742407798,-0.305627151024847,-0.478720008274249,-0.292982325095993,-0.0755662363094904,-0.369185899298202,-0.197913029328387,-0.258530141179853,-0.148530305248359,-0.263392998257902,-0.389518258000705
"23",-0.538452216679955,-0.236606150625455,-0.363849810168537,-0.314243397738807,-0.531066915732119,0.0780316455864703,-0.413187598641202,-0.17720271559761,-0.578769408055323,-0.427628954970757,-0.507356124261714,-0.523573522624383,-0.305414199903341,-0.276405319609294,-0.301954211727781,-0.21101996413999,-0.278416779107052,-0.263256182728216,-0.367506461167121,-0.22755685993201,-0.258574053057755,-0.193618552179031,-0.251209981210146
"24",2.38339882053337,1.09913916634703,0.914449697780033,1.20494487581133,1.48590617609898,0.967172504040374,1.12895415428899,0.703629122331449,1.54253275287182,0.942072205039541,1.07889472517505,0.257876444561165,0.355612177669442,-0.0972376761343196,0.258413171117089,0.290884330270161,1.04751653713541,0.309066740298665,0.0613511939784296,0.529268337529065,0.154785399349842,0.299508765316443,0.0736310699800804
"25",0.405290043468093,0.244140455483093,5.7595166132729,3.53600704453807,0.897919320706518,0.967172504040374,6.57162413887293,4.02007070428499,1.14804498259414,1.14165723121247,6.57258975198887,4.27783541037144,-0.346021876436473,1.56374912070912,1.07174086395369,0.146299228814386,0.430499370398548,1.93371075519456,1.88896718765641,0.132875158749788,0.0325157234385501,3.62872190392938,1.73648223274516
"26",-0.313454061942672,-0.346143352017276,0.19423704817974,1.10653591882023,-0.0749316582155464,-0.381235326755422,0.147591220606141,0.590782338824523,-0.117293148485207,-0.423715523085013,0.00710361069075102,0.768824500028639,-0.31067231179025,-0.300200477328388,-0.153725775609352,-0.242578358217061,-0.366922700036581,-0.265339716704205,-0.336640011948663,-0.258203468291134,-0.343651576698044,-0.23955782106714,-0.367082206516886
"27",1.54278071463991,1.54337337199164,0.973687967660576,0.273135064301835,1.34336390812505,1.03330694805761,0.839218431011199,0.264780519804516,1.63929390407201,1.10643634424078,1.23813226218415,0.34804374846719,0.430713891245315,-0.0464320387493774,-0.137821182124527,0.123993384207321,0.336370259276821,0.118848964953777,-0.0203593269165595,0.158617325054041,-0.161269267588891,0.29241943424215,-0.215118745101329
"28",1.57715543272478,1.92371087682435,1.31352856855422,0.952771923521634,1.61419421727551,1.40072052593112,1.56200002026333,1.09859286460569,1.996565846965,1.79128692424593,1.45249048508101,1.39623865637473,0.388204209762261,-0.165119357061653,-0.298215761796415,-0.166101390842803,-0.203376738780161,0.169937069296913,-0.158200999209612,-0.174440273283169,-0.200152161883028,-0.104748645980471,-0.240977072089602
"29",1.73965410003504,3.29901129429944,0.571491293208465,1.72774245982656,0.987008238190224,1.0957672562961,0.24728523291678,0.565705275822984,0.753557212316464,1.33732882549966,0.631804717418744,0.505836530302733,3.38018320281574,2.06225795734057,1.15723496084525,9.71807229574695,3.2756132718699,1.77706841582121,3.06929480597019,1.79696730426625,1.88853593128549,0.597019645106777,1.60590509756732
"30",-1.25094637334802,-1.12507456191467,-0.875169613347965,-1.19992401065873,-0.32794418386927,-1.24098309897945,-0.880503281347322,-1.3338822465436,0.150660808684539,-1.2103153321195,-0.831955718934102,-0.643796594499083,-0.0529942806676395,-0.0434876834341473,0.289445967221501,0.043899703657779,-0.313642081294329,0.176926432222813,-0.0737393797803697,0.114225233254115,0.0177377301879183,0.0646231236813931,0.0895991547811308
"31",-0.407203293083207,0.00680985246748067,-0.18925280420483,-0.0559198856371637,-0.267363719980351,-0.0689337855629355,-0.17018344363402,0.192683963675091,-0.13590106217755,0.253308193148649,-0.0663906371596011,0.302960096514177,0.535636115149979,-0.203254082690768,-0.180329250375467,-0.0732426283719945,-0.177188390145222,-0.162505385979033,-0.101375199357328,-0.10241330657073,-0.142808324079081,-0.164150704500494,-0.287309569056529
"32",3.18026728522792,2.42879908324219,2.36734621169231,4.23102030328773,3.09663380420437,2.46254576598558,1.36884287141147,0.854091500340683,1.85514570290319,1.44299148641474,1.12789089040862,1.21214707756659,0.310048133128964,1.88426942987613,8.68753989916553,2.10716955963356,0.737746640869132,0.504723439006221,0.887673591479288,0.828696050602968,0.265174325863744,0.296251726182039,0.359626113076422
"33",-0.275954369486458,0.0737492533180381,-0.101954301222976,-0.203533321123817,0.024847929366204,-0.0285182919968485,-0.204453260365802,-0.277510967603766,-0.0763557383620508,-0.00497831131043603,-0.305246942673246,-0.223015842937634,-0.341733546421151,-0.297968324317331,-0.465874835697548,-0.41252850950885,-0.352685285439416,-0.326376879274455,-0.426894567620084,-0.27266996981007,-0.367743796932589,-0.227764020231423,-0.425850093505258
"34",-0.566576986022115,-0.163581349697574,-0.064540657087896,-0.172780522064098,-0.285181503477092,0.0118972015692385,-0.0611431176692582,-0.286914866229343,0.0948370676075078,0.222000738062699,-0.0970132404305812,-0.448434102702696,-0.0101644591855263,-0.2311609191136,-0.417574338477938,-0.29664737831218,-0.174240686650176,-0.125770973094682,-0.055910465651927,0.0855866304853109,-0.150403990030009,-0.108864942493272,-0.343176557903115
"35",0.0177932214205499,-0.619986355496829,-0.289022521898377,0.251608104960031,-0.395651761156887,-0.822131620203639,-0.382033219794128,0.09864497741932,-0.214054299685392,-0.662434868115379,-0.292997901364854,0.329258893486768,-0.397491277987237,1.83068311429061,-0.338360791168944,-0.18650365052394,-0.478325641483584,2.06573969497069,-0.379676759498204,0.127892143276675,-0.141837106603958,0.0797328598806632,-0.407485981178506
"36",-1.14782221909343,-1.08856216145073,-1.04976661931167,-1.25220376906025,-1.18676134841219,-1.24098309897945,-0.973966417888546,-1.2492471589134,-1.12212048787175,-1.22596905966247,-0.923823528747042,-1.27496772184126,-0.444457954644774,-0.324662868482345,-0.497649674993465,-0.46595650265328,-0.519188312080534,-0.393879794490516,-0.486362794010003,-0.317796785449776,-0.470103081508318,-0.296838592277983,-0.58025631988356
"37",-1.00719837238263,-0.434381653138465,-0.588331674979017,-1.0277083359243,-0.780515884686495,-0.726604089956525,-0.603229309608358,-0.973399465896474,-0.723911134855602,-0.881587053717027,-0.795208595008926,-1.17728647594306,-0.367674966557596,-0.188800139884371,-0.403993687254149,-0.312474398151411,-0.366738804038037,-0.298655287655726,-0.413590440529789,-0.237152898453698,-0.252926149769964,-0.255321502505433,-0.455395687098372
"38",-0.450952934282123,-0.251819650818763,0.035229060605651,-0.394200675294077,-0.260236606581654,-0.616380016594471,-0.15772169209519,0.108048876044897,-0.515502501501355,-0.732876642058766,-0.510418384588812,-0.155390365008115,-0.233053407810526,-0.0236370615729113,-0.356846137722171,-0.279619438705097,-0.269195471709509,-0.274101437103803,-0.0769307744640504,-0.198063158344914,-0.322929088106177,-0.238852717754141,-0.145595219875061
"39",-0.450952934282123,-0.376570352403893,-0.0364804239865862,-0.821664582224178,-0.0107876376272783,-0.484111128560006,-0.363340592485883,-0.797860024885701,-0.214054299685392,-0.38849463611332,-0.017394471926033,-0.775290579362036,-0.304250548232012,-0.0284856710697176,-0.211116500469071,-0.277560869997992,-0.375488810739253,-0.219054713330983,-0.376594464531946,-0.205153343760915,-0.393461330964325,-0.221756827731207,-0.473289459125346
"40",0.999035174024812,-0.531748054375639,0.490428397582458,0.0240373919181069,-0.0250418644246712,-0.491459400117477,0.181861037337924,0.340011708809133,-0.0800773211005199,-0.646781140572404,0.0928468998494952,0.445724994365383,0.185672805150804,0.322777849900825,-0.33624562458772,0.207295944215063,-0.34454811289244,-0.144856733663008,-0.229998641767332,0.143264226586277,-0.153790839221747,-0.0190084102795631,0.113269497025472
"41",-0.522827344823199,-0.668669556115416,-0.532211208776397,-0.849342101377925,-0.602338049719084,-0.741300633071466,-0.406956722871787,-0.844879518013587,-0.385247105654952,-0.576339366629017,-0.427737355757165,-0.745234811393361,-0.433869931220025,-0.323017951937092,-0.523263075681053,-0.45909373413846,-0.507358354434146,-0.392570675276919,-0.458139564698315,-0.316829046972425,-0.460005672579144,-0.302893279042331,-0.572441236827878
"42",-0.375953549369695,-0.0236171479191363,-0.18925280420483,-0.135877163192434,0.167390197340132,0.32787287854046,-0.0829511828622108,-0.0612212992154919,0.0985586503459769,0.386364877263934,0.0316016933075351,0.055000010772609,-0.334443493823453,-0.238519705271989,-0.396341657334558,-0.306450157032961,-0.259948950295428,-0.239738390731438,-0.313957907685914,-0.230082072417566,-0.36252149877837,-0.224923388611568,-0.472070168240266
"43",-1.50094432305611,-0.76603595735259,-1.48002352686509,-0.883170180343616,-1.1653800082161,-0.895614335778342,-1.18581619404865,-0.562762559246273,-1.330529121226,-1.01073030594657,-1.16267983426069,-0.666338420475589,-0.289426308877407,-0.237630911728688,-0.26033200564276,-0.394514621913639,-0.444623047137194,-0.282106583672667,-0.273410315995015,-0.291314215055925,-0.375811474117934,-0.204206153203348,-0.235437509814979
"44",-0.925949038727498,-0.650413355883445,-0.806577932433651,-1.04616001536013,-0.83040567847737,-0.807435077088699,-0.995774483081498,-0.644263014001275,-0.809507537840381,-0.905067645031489,-0.75846147108375,-0.820374231315048,-0.354270159459579,-0.272451486515447,-0.350938179201381,-0.306108375308347,-0.455456043980527,-0.361199479505565,-0.325849310723656,-0.303707646641077,-0.360934003969495,-0.256942863729859,-0.389577106178387
"45",-0.047831240377824,-0.954683359749615,0.265946532771978,-0.142027723004378,0.851593083614992,-0.803760941309963,0.748870732354682,-0.211683677224726,0.924750018286024,-0.873760189945539,0.650178279381332,0.370585574443696,-0.174599555718444,0.126368005497116,0.732547516535796,-0.0355663082901702,-0.0690135371751508,0.282980331661532,1.69575185791372,0.113998057144404,0.533205123092105,0.128827444364793,0.931168042118583
"46",0.0021683495637945,0.116347053859302,-0.0770118717995894,-0.261963639337284,0.220843547830356,0.379310779442751,0.178745599453216,-0.130183222469724,-0.042861493715833,0.190693282976749,0.0377262139617311,-0.268099494890646,-0.325616602455605,-0.169926011864339,-0.34659843788532,-0.162782315776693,-0.167734120859734,-0.182841713852776,-0.26688058836087,-0.084018422615364,-0.272973285072309,-0.19119069850961,-0.353718707442568
"47",-0.30720411319997,-0.431338953099803,-0.179899393171059,-0.0958985244147986,-1.02283774024217,-0.495133535896212,-0.519112486721256,0.0516254842914339,-0.526667249716761,-0.318052862169933,-0.436924136738459,0.393127400420202,-0.183622723412117,-0.153735058129667,-0.289045192451223,-0.281953436967167,-0.367450094813705,-0.244254583269104,-0.122360053610163,-0.23358482585782,-0.362126133175312,-0.19945869606169,-0.177529856752136
"48",-1.27594616831883,-1.7184010694537,-1.0934158708026,-1.84573279091283,-1.53598990494832,-1.18954519807715,-1.22943232443456,-1.24611252603821,-1.51288667541096,-1.46860183657858,-1.05550072281226,-2.10901528297199,-0.20027343201371,-0.307927821560001,-0.129468197740138,-0.120373641134774,-0.347061593688567,-0.0963440964102505,-0.254053513699456,-0.196947341279922,-0.0168440126809538,-0.187027412782831,-0.283499914684662
"49",-0.707200832732917,-0.723438156811326,-0.875169613347965,-0.57256690984045,-0.752007431091709,-0.660469645939293,-0.780809269036683,-0.681878608503583,-0.638314731870822,-0.670261731886866,-0.737025648794064,-0.876728796256314,-0.354224960177511,-0.284897040600264,-0.400721832434153,-0.374450568225101,-0.414007062090398,-0.347990518386429,-0.327219478611199,-0.236086620893768,-0.344461049545508,-0.275574814607522,-0.410644280284388
"50",0.139667221903245,0.454086758150751,0.178648029790124,-0.092823244508827,0.11393684684991,0.191929854727259,0.103975090220237,-0.311991929230882,0.321853614654097,0.636824517951532,0.242897655877296,0.265390386553334,-0.323859687757181,-0.217506167246818,-0.376434352975252,-0.37206744667707,-0.14176746297784,-0.30754947359742,-0.377606605631829,-0.2443825845805,-0.0522652931703709,-0.249750986589142,-0.429812372594987
"51",-0.816574935730208,-0.8208045580485,-0.937525686906432,-1.34138688633344,-0.951566606255209,-0.789064398195023,-0.824425399422588,-0.948322402894935,-0.857888113440474,-0.572425934743274,-0.669655921597908,-0.801589376334626,-0.385648662095287,-0.305935801359122,-0.390309953483642,-0.440147766572175,-0.375896091940053,-0.17688515990837,-0.414561249708259,-0.308601509241967,-0.378554485221333,-0.268972256918065,-0.421403335134211
"52",0.639663121319429,0.469300258344059,0.453014753447378,0.239306985336143,-0.0250418644246712,-0.153438908473843,-0.139029064786945,0.0578947500418186,-0.556439911624511,-0.138034995425722,-0.479795781317832,-0.54611534860089,-0.175349829465134,-0.214055930251805,-0.310049192889401,-0.217871365373255,-0.396210758546268,-0.237083339960046,-0.0153000857746655,-0.17050387879141,-0.347819380023572,-0.218799840060898,-0.426155199027712
"53",-0.350953754398886,-0.364399552249246,-0.2921403255763,-0.418802914541853,-0.117694338607725,-0.340819833189336,-0.18264519517285,-0.434242611363384,-0.0279751627619583,-0.177169314283159,-0.225628174168697,-0.36578074078884,-0.408466095758416,-0.292503276284115,-0.293883334772546,-0.373913433980055,-0.461788198170015,-0.339738125741728,-0.42259608912793,-0.268051464201309,-0.39158478533015,-0.257239535601573,-0.542448080002234
"54",-0.0665810866059302,0.341506856720268,-0.20795962627237,0.429974339506403,-0.438414441549066,-0.373887055197952,-0.282339207483489,-0.101971526592993,-0.690416890209384,-0.521551320228605,-0.433861876411361,-0.418378334734021,-0.194602352071299,-0.321791539749074,0.291795607149033,-0.257742290031063,-0.341906750154898,-0.334164965176723,-0.288457299239778,-0.295822372047347,-0.177271375107608,-0.262244336478126,-0.268137091110211
"55",0.949035584083194,1.45817777090911,1.27923272809706,0.811309047846924,1.77811782544553,2.19800798991665,1.53396107930096,0.944995853721263,1.94074210588797,1.73649887784551,1.23507000185705,1.29480043948045,2.08642029197235,0.0267433465214958,2.83293363444879,1.04509835181123,3.37714725922061,0.923554927299471,0.766623510736447,0.876588888894202,2.23374170329864,0.958059698192449,2.79714476804505
"56",-0.644701345305894,-0.60477285530352,-0.600802889690711,-0.24043667999548,-0.652227843509959,-0.719255818399055,-0.656191753648385,-0.205414411474342,-0.359196026485671,-0.787664688459178,-0.537978727532694,-0.478489870671371,-0.405302717433836,-0.293310070834915,-0.298787381841242,-0.359033595545704,-0.403430313206711,-0.313829146021268,-0.316924360848333,-0.266643369204503,-0.376484351805606,-0.25287841679901,-0.350426130017689
"57",1.08028450767994,1.6255262730355,0.789737550663099,0.331565382515302,0.908609990804564,1.41174293326733,0.462250446961595,0.333742443058748,1.22991980284046,1.06730202538334,0.405197453213491,0.513350472294902,0.0518881054981147,-0.161013754816706,-0.35959162211927,-0.0871529017698296,0.442375244160203,-0.0973791310736731,-0.133888591616284,-0.0131075947601879,0.353109081694764,-0.0570192410053811,0.224553891133167
"58",-0.488452626738337,-0.236606150625455,-0.625745319114097,-0.769384823822654,-0.345761967366012,-0.212225080933606,-0.388264095563543,-0.641128381126083,-0.214054299685392,-0.345446885370139,-0.195005570897717,-0.636282652506914,-0.407848984913026,-0.301760584594925,-0.55348778661289,-0.425742583496863,-0.490136504942212,-0.370226102410957,-0.468324327105071,-0.295585518878167,-0.442396264744388,-0.288679333840609,-0.571047971894614
"59",-0.516577396080497,-0.0692576484990615,-0.709926018418028,-0.2711894790552,-0.356452637464056,-0.230595759827282,-0.232492201328169,0.0328176870402796,-0.348031278270265,-0.106727540339772,-0.348118587252618,-0.0577091191099222,-0.279787607530312,-0.212025297586662,-0.471345641470637,-0.312939655646351,-0.214902510046428,-0.305295492916084,-0.36617246163403,-0.248274440665684,-0.40751044856759,-0.234245459597218,-0.470077018265017
"60",-0.597826729735627,-0.273118551089395,-0.703690411062181,-0.830890421942093,-0.395651761156887,0.00822306579050295,-0.0704894313233809,-0.36214605523396,-0.459678760424325,0.194606714862494,-0.311371463327442,-0.711422072428602,-0.230979061894412,-0.298133200609981,-0.252941380676743,-0.219947242891507,-0.125893457869837,-0.225671061011743,-0.243358717271618,-0.088443381578624,-0.0614062595341455,-0.199246189598123,-0.21794482629831
"61",2.48652297478796,1.89632657647639,2.27692990503253,2.17058276628652,3.91268828835512,3.10919366304296,2.41251456278847,1.83836622315109,3.26934714352129,3.01619110448371,2.2303046081639,2.51205904221179,0.045710133360306,-0.176886542554703,-0.0393858183515237,1.10891923025306,0.830506635595747,0.300703734251483,0.120616094144613,0.318556721650714,1.38866983501771,0.200892454010072,0.281234237202336
"62",0.74903722431672,0.0128952525448041,0.424954520346069,0.672921452078187,0.595017001261919,0.449119359238719,0.28467048753327,0.0578947500418186,0.128331312253726,0.628997654180044,-0.0786396784679931,-0.110306713055103,1.50245107074919,0.300990240541008,0.390621510909324,-0.126641723545716,0.241031367332017,-0.232107977524453,0.151380615218689,-0.0196894390010706,0.741994525919515,0.0577007064297359,0.172270003963187
"63",1.39903189355776,1.52815987179833,1.84355519380119,1.64470990236532,1.27921988753678,1.77915651114084,1.1756857225596,1.04216947285223,1.10338598973252,1.59561532995874,1.02377403928729,1.11822280266449,0.216650271877309,0.066775249777329,0.0486889896503599,0.263886636805498,0.787836216433487,0.161414767547042,0.625507668499896,-0.00204317587065091,0.528229704802718,0.157298567682468,1.18496110684196
"64",5.06150185678131,4.40655410837229,5.53815255214035,3.62519016181125,5.80493689570902,5.71415593016618,6.10119301828211,8.03240078453123,6.4289708884812,6.04518738404933,6.54809166937209,5.81067957677386,1.43480395714215,3.06839692908401,5.23418584631599,3.91189432243792,3.60935894731718,5.78951087656448,10.362978802274,1.43281857119598,8.57583699140209,2.546183927312,9.59596086185481
"65",0.0177932214205499,0.228926955289784,-0.351378595456844,0.177801387216704,0.616398341458009,0.574039975715714,0.0883979007966996,-0.0486827677147224,0.400006852161939,0.527248425150708,0.111220461812083,0.100083662725621,-0.332712066231222,-0.230337501889655,-0.292344993109163,0.0555898760373127,-0.106205905290908,-0.174017524758439,-0.136731283768947,-0.00900423935843845,-0.0173777048867517,-0.199433637764906,-0.386011931412104
"66",-0.90407421812804,-0.379613052442554,-0.644452141181638,-0.424953474353797,-0.659354956908655,-0.425324956100244,-0.712269635573119,-0.612916685249351,-0.746240631286414,-0.365014044798857,-0.427737355757165,-0.335724972820165,-0.264645165404804,-0.259346466801984,-0.325406088850107,-0.355526942611945,-0.41097256202702,-0.286772201617527,-0.274883369642562,-0.154725482498339,-0.331713252189955,-0.162704950375522,-0.30304400726972
"67",1.93652748543016,0.846595063138109,1.41953389360361,1.22339655524716,0.972754011392832,1.11781207096851,0.795602300625294,1.65655751638993,1.20759030640964,0.707266291894918,0.901283626203368,1.28728649748828,0.555370044018046,-0.144510897677211,0.163901217421181,-0.169484939985163,0.119759334680179,0.0382201558383463,0.0567240336608804,0.108613226342748,-0.242589551035487,0.153933129984934,0.602268122421803
"68",0.395915120354039,1.09609646630837,0.964334556626806,1.18034263656356,0.609271228059312,1.77915651114084,0.76444792177822,0.524955048445483,0.764721960531871,1.20818557327011,0.616493415783254,1.27225861350394,0.132863021592534,0.0048097353202827,0.632060373326165,-0.13351410933198,0.466368052960659,-0.0698698060387799,0.105750480246926,-0.0679881467244216,0.149094828957602,0.175563015531217,0.472963803576502
"69",1.50840599655505,2.37707318258494,1.55671725543224,2.57344443396885,0.823084630020206,0.838577751784645,0.730178105046438,0.399569733437789,0.578642823608436,0.253308193148649,0.414384234194785,0.235334618584659,0.930644010502016,0.13445144961167,0.136334550789105,0.0542210483274056,0.00922358519664091,0.0619179066636003,-0.195172071130914,-0.156852458258299,-0.2694590640466,-0.149765706733056,0.448896805734381
"70",-0.188455087088626,-0.38874115255854,-0.0271270129528159,-0.726330905139047,-0.0250418644246712,0.111098867595086,0.00428107790959832,-0.305722663480497,0.0613428229612901,-0.157602154854441,0.144905325410162,-0.12533459703944,-0.27735387994008,-0.0934336651175199,-0.296220319678977,-0.376455439343689,-0.251658527114261,-0.139935040624182,-0.362156978072566,-0.193702746155018,-0.167468639446466,-0.144792285835305,-0.0670254454007844
"71",2.51152276975877,1.81721637547119,0.459250360803225,2.18903444572235,2.49795627871387,2.30088379172123,1.58692352334099,1.15188162348396,2.21241764579619,2.0847943156767,1.44636596442681,1.85458911789702,-0.0100200497671178,-0.0236443869916453,0.155318703387937,0.285808455485076,0.426307402941307,0.512448478444276,0.664408568841375,0.138558721076544,0.669112086067159,-0.00441539623199425,0.377986454354756
"72",-0.49782754985239,-0.796462957739207,-0.607038497046557,-0.972353297616803,-0.431287328150369,-0.535549029462298,-0.56272861710716,-0.650532279751659,-0.519224084239824,-0.318052862169933,-0.421612835102969,-0.579928087565649,-0.420803338970983,-0.321892115394187,-0.515997921366742,-0.41243341531617,-0.454656273473568,-0.403992615932783,-0.367477940025311,-0.280418026850836,-0.403154310389295,-0.264223098787049,-0.536357223388384
"73",-0.425953139311313,-0.361356852210585,-0.625745319114098,-0.800137622882374,-0.299435730274485,-0.631076559709412,-0.338417089408223,-0.857418049514356,-0.965814012856066,-0.9598556914319,-0.740087909121162,-1.22612709889216,-0.409280893058529,-0.274601168724019,-0.302070265830328,1.49239406241454,-0.407592451237315,-0.290505382117178,-0.369424953969097,-0.315909007068503,-0.380615959946285,-0.279669566475059,-0.514859296131213
"74",-1.51344422054151,-1.0033665603682,-1.3740182018157,-1.43979584332454,-1.32217650298743,-1.05727631004269,-1.29797195789812,-1.01101506039878,-1.36774494861068,-1.12030639874739,-1.30966832996139,-1.04203552008403,-0.245058799195147,-0.268742062025419,-0.310723314045858,-0.411259306073128,-0.445796746766821,-0.331600979872984,-0.262578856821023,-0.264511722670668,-0.380747611993086,-0.259007764498464,-0.13221657156872
"75",-0.463452831767527,-0.0297025479964597,0.241004103348591,0.251608104960031,-0.417033101352976,0.059660966692795,-0.419418474410617,-0.0110671732124138,-0.58621257353226,-0.231957360683571,-0.274624339402265,-0.192960074968959,-0.124430580446934,-0.127852136928136,-0.374082213749815,0.111269738253581,-0.0936736397972843,0.715532883783534,0.423454933588722,0.0325180459102684,2.48907195237597,-0.172954737770335,-0.032340293485174
"76",-0.510327447337795,-0.769078657391252,-0.619509711758251,-0.495684912191151,-0.360016194163405,-0.564942115692179,-0.291685521137611,-0.481262104491271,-0.429906098516576,-0.631127413029429,-0.317495983981638,-0.403350450749683,-0.274336669754853,-0.263725611882979,-0.39697844321151,-0.306934975534375,-0.325015574952547,-0.156762735330935,-0.299007448807431,-0.213895521041746,-0.240161407859492,-0.222220687914095,-0.283627518107509
"77",-0.166580266489167,0.0615784531633913,0.259710925416131,0.0640160306957426,0.174517310738829,0.313176335425519,0.621137779081676,0.0767025472929729,0.381398938469596,0.104597781490388,0.383761630923805,0.363071632451527,-0.363425005488734,-0.289303875220818,-0.438590694025911,-0.245316297993247,-0.337591907675069,-0.0168938644478332,-0.275796563121493,-0.214125917330621,-0.277448163550236,-0.138084480274443,-0.463547406624047
"78",-0.49782754985239,0.0189806526221275,-0.12377892696844,-0.830890421942093,-0.616592276516477,-0.524526622126093,-0.207568698250509,-0.500069901742425,-0.534110415193699,-0.380667772341832,-0.369554409542303,-0.865457883268061,0.243264578509098,-0.132585957186424,-0.399678291375859,-0.110137079858491,-0.141508334414068,-0.130294321957693,-0.24955709383294,-0.183802269985082,0.438792856290072,-0.14439145553016,-0.420234145034579
"79",-0.450952934282123,-0.130111649272295,-0.39502784694777,-0.892396020061532,-0.270927276679698,-0.546571436798504,-0.263646580175244,-0.700686405754737,-0.377803940178015,-0.0754200852538228,-0.182756529589325,-0.516059580632214,-0.340566847854618,-0.297523923229996,-0.532986790978581,-0.117855473697967,-0.332763704711503,-0.308690798664518,-0.433729295504801,-0.264607498150138,-0.360147846563363,-0.143523223832774,-0.454080886591608
"80",1.06153466145184,-0.00840364772582749,0.253475318060284,-0.142027723004378,0.185207980836874,0.2066263978422,0.403057127152154,1.51236440413108,-0.22149746516233,-0.169342450511672,0.0377262139617311,1.98608310275997,0.050858148331371,-0.00939293499310837,2.50519592394613,-0.105058954156031,-0.299788245319865,-0.0288564802230754,0.95933903915321,-0.176223508240515,-0.399113672754644,0.0612930910401138,1.22988680378502
"81",-0.375953549369695,-0.650413355883445,-0.607038497046557,-0.0251670865774442,-0.54888469922886,-0.417976684542774,-0.39137953344825,-0.174068082722418,-0.668087393778571,-0.35718718102737,-0.48285804164493,-0.170418248992452,-0.398682396131645,-0.141267344124782,-0.336414805422976,-0.25552303719408,-0.333281574567907,-0.193473908993553,-0.180690564406974,-0.198248266324016,-0.299556477182177,-0.202657762072815,-0.468687647164416
"82",0.120917375675138,0.286738256024357,-0.351378595456844,0.663695612360271,-0.139075678803814,0.0229196089054435,-0.0112961115139387,0.913649524969338,-0.429906098516576,-0.00497831131043603,-0.323620504635834,1.01678458577021,-0.315814152929544,-0.275930013530028,0.0305378240626658,-0.326135990156969,-0.19487043643788,-0.292399193317536,-0.137082257357196,-0.258878592422684,-0.373282917522687,-0.230729663666669,-0.0626956328100284
"83",-0.800950063873452,-0.845146158357794,-0.569624852911477,-0.400351235106021,-0.905240369163683,-1.22261242008577,-0.640614564224847,-0.105106159468185,-0.839280199748131,-0.928548236345951,-0.642095578654026,-0.290641320867152,-0.31657442337781,-0.109595796015193,-0.283555486294848,-0.35570949549613,-0.443743442268179,-0.241742751899787,-0.281141395954022,-0.266111967692787,-0.365161705576299,-0.26678520667606,-0.303667855686542
"84",0.18029188873081,0.0859200534726848,-0.211077429950293,-0.252737799619368,0.0105937025688111,0.000874794233032663,0.24728523291678,-0.293184131979728,0.500489586100594,0.370711149720959,0.245959916204395,-0.162904307000284,-0.172735742434839,0.361939360867457,0.0631000000197062,0.0621616487003967,0.217856818077072,-0.139539978395808,-0.182191527837482,0.600122714509775,0.726310181360513,0.0388070291011375,0.170332655877853
"85",-0.357203703141588,-0.674754956192739,-0.466737331540007,-0.686352266361412,-0.356452637464056,-0.248966438720957,-0.073604869208088,-0.449915775739347,-0.426184515778107,-0.0441126301678731,-0.323620504635834,-0.316940117839743,-0.270599163523481,-0.261053744263032,-0.41909597964581,-0.241670521016123,-0.384955668124852,-0.214477877558869,-0.405739435899832,-0.204681020605103,-0.248551595988108,-0.225308506199325,-0.412276430803164
"86",0.836536506714552,-0.12098354915631,0.789737550663099,1.07578311976051,0.35269514570624,0.397681458336427,0.306478552726222,0.835283703089529,0.478160089669782,0.707266291894918,0.809415816390428,1.0656252087193,-0.301172669163213,-0.173676769105787,-0.0759002808930295,-0.20311004856218,-0.170564670963546,-0.132031845105221,0.308261178795949,-0.0251680746972162,-0.022498108114309,-0.0563999650332783,0.567278704482661
"87",-0.463452831767527,-0.525662654298316,-0.550918030843938,-0.0313176463893881,-0.687863410503441,-0.359190512083011,-0.771462955382561,-0.0298749704635681,-0.608542069963072,-0.349360317255883,-0.703340785195986,-0.0126254671569097,-0.420910668467796,-0.166070791863234,-0.44086882317304,-0.326844754366377,-0.198158708854922,-0.133166010267412,-0.132216210079445,-0.284250629559484,-0.387082792123495,-0.138404518507147,0.140079701340243
"88",0.724037429345911,0.639691460509114,0.721145869748786,0.50378105724973,0.965626897994135,0.673241641741563,0.72706266716173,0.850956867465491,1.53508958739489,1.06730202538334,0.950279791436936,0.979214875809363,-0.206930221695078,-0.15829149627752,0.826060145227205,0.278421866533445,0.0618573074456431,-0.119047602500797,0.292664919035167,0.915037934849632,-0.13808674453771,-0.0376956833796885,0.0319529171434516
"89",2.78027056569497,1.20563366770019,1.28858613913083,0.669846172172215,2.74027813426955,2.33762514950858,1.41868987756679,0.907380259218954,2.36872412081187,3.18446867557068,1.35449815461387,1.82077637893226,1.95335300361449,3.30689658637731,2.22460002878677,3.47721664226396,9.11691901084671,1.17395327442386,0.965635327088566,2.58989889697258,6.13239440415487,0.674554578132952,2.56858021506281
"90",-0.357203703141588,-0.403954652751848,-0.35761420281269,0.0978441096614336,-0.498994905437985,-0.476762857002536,-0.357109716716468,-0.0612212992154919,-0.548996746147574,-0.697655755087072,-0.415488314448773,0.577218979228336,-0.0105952722752378,-0.288830582016475,0.107480614424343,-0.223511003256234,-0.24001317156939,-0.263612199846807,0.213133737916889,-0.24648992337918,-0.178989601119857,-0.216097036387861,0.403281401451129
"91",-0.632201447820489,-0.0357879480737824,-0.759810877264801,-0.218909720653676,-0.584520266222342,-0.392257734091628,-0.584536682300113,-0.305722663480497,-0.686695307470915,-0.302399134626958,-0.66659366127081,-0.69263721744818,0.226409618829357,-0.249358661325532,-0.423322480426545,-0.23499848580569,-0.0218924744993731,-0.171970098713044,-0.166644710787783,-0.110406220881081,-0.185651439231497,-0.208305759853668,-0.11232148548467
"92",-0.357203703141588,0.402360857493502,-0.37632102488023,0.122446348909209,0.27073334162123,0.750398493095001,0.22236172983912,0.672282793579525,0.359069442038784,0.730746883209381,0.0499752552701231,0.641087486161771,-0.299950868542246,-0.269916206866102,0.449418944440673,-0.139751578412311,0.329834734271612,-0.187320020196674,0.889731866193813,-0.0841876399787276,0.529880220770529,-0.202565222561296,1.54586455247041
"93",0.699037634375102,0.426702457802795,0.636965170444856,0.540684416121393,1.05115225877849,1.26477750211792,0.820525803702954,1.21143964811262,0.660517643854748,1.21992586892734,0.619555676110351,0.761310558036471,0.332906255839526,-0.220815759216751,-0.148311350079091,0.203551068670693,0.392196256482637,-0.0608428291538199,0.411969052155363,-0.135587153736939,1.8485322733236,-0.131203286079607,-0.154241056085964
"94",-0.22907975391619,0.0250660526994509,0.858329231577412,0.817459607658868,0.45247473328799,-0.116697550686492,0.658523033698166,1.56251853013416,1.05128383139396,-0.243697656340802,1.04520986157697,1.94475642180305,1.00264454839756,0.10549056443764,-0.111027848865515,0.648952047721137,0.513730799256748,0.22070823776124,0.382657521291005,0.521047163368423,0.389125404654269,0.437084939420313,0.214169573871901
"95",0.155292093760001,0.475385658421382,-0.0551872460541256,0.842061846906644,0.591453444562572,0.992891454491521,0.512097453116915,0.452858492316059,0.783329874224214,1.0907826166978,0.399072932559295,0.731254790067796,-0.298891313155078,-0.213238812881885,0.460588248536529,0.0114296928189419,0.0219001201600733,0.0525785903098965,-0.198090467043637,0.0729405276697105,0.00469512877694129,-0.0223329860100579,-0.180494726691152
"96",-0.46970278051023,-1.24373986342248,-0.713043822095951,-1.00310609667652,-0.598774493019735,-0.83682816331858,-0.497304421528304,-0.669340077002814,-0.318258616362516,-0.873760189945539,-0.617597496037242,-0.812860289322879,-0.254072997034534,-0.209575123951871,-0.123182259031244,-0.32725261134506,-0.29240181765992,-0.253665019467628,-0.199764387201347,-0.248659546275899,-0.252238281541338,-0.239206657414099,-0.259695689022053
"97",-1.24469642460532,-1.18897126272657,-0.875169613347965,-0.480308512661292,-1.09410887422914,-0.947052236680634,-0.824425399422588,-0.706955671505122,-0.98070034380994,-1.01464373783231,-0.770710512392142,-0.741477840397277,-0.424151069584887,-0.288707573870794,-0.31613924568771,-0.251027260754398,-0.399768634788351,-0.302619433651634,-0.107075928744515,-0.247930757081164,-0.441298007956119,-0.200419747811025,-0.288201851336981
"98",0.080292708847573,-0.0723003485377228,-0.0333626203086625,-0.344996196798527,-0.078495214914895,-0.0799561928991405,0.166283847914386,-0.330799726482036,0.292080952746348,-0.0323723345106424,0.392948411905099,-0.613740826530408,-0.0552087175322553,-0.303862092729231,-0.19310801838559,-0.118829209181934,-0.0262587183184476,-0.113086230487449,-0.22247210297722,-0.141004319189806,-0.249470330920141,-0.177419517221039,-0.398101931146951
"99",-0.566576986022115,-0.957726059788277,-0.313964951321763,0.140898028345041,-0.40990598795428,-0.770693719301347,-0.431880225949447,0.0422215856658564,-0.452235594947388,-0.231957360683571,-0.201130091551913,0.411912255400624,-0.0986536506695385,-0.139100304733364,0.0321645937064315,-0.168905534162673,-0.0839276962858664,-0.225239423266104,0.554261347046447,-0.198470562676174,0.0618639304110079,-0.142478711892777,0.505869873266613
"100",0.205291683701619,0.673161160934392,-0.485444153607547,0.337715942327245,-0.238855266385565,0.423400408787573,-0.073604869208088,-0.0674905649658767,-0.102406817531332,0.566382744008145,0.00710361069075102,0.0737848657530312,0.144035806807869,-0.252365520691135,-0.24292957953957,0.153821276755161,0.253184607370185,-0.0862893467742489,-0.172805750203402,0.0219351153717718,0.00516924990522671,-0.040392425291484,-0.307227702549084
"101",-0.157205343375114,0.2197988551738,-0.407499061659464,-0.560265790216562,-0.192529029294038,-0.491459400117477,-0.0954129344010406,-0.280645600478958,-0.042861493715833,-0.204563337483366,-0.250126256785481,-0.501031696647877,-0.109277590004439,-0.25007823831558,0.177117995790034,-0.27175371715323,1.25878496705866,-0.207062621431582,0.171609145367983,-0.15094128575335,-0.262439308176702,-0.0623052513867344,-0.144858294391998
"102",-0.66032621716265,-0.863402358589764,-0.837755969212885,-0.843191541565981,-1.05134619383696,-0.704559275284115,-0.693577008264874,-0.775917594759355,-0.854166530702005,-0.560685639086042,-0.749274690102456,-0.568657174577396,-0.379120286362412,-0.26741755001036,-0.463649749793401,-0.363686439941421,-0.390060394552946,-0.330992899159364,-0.35096012038469,-0.261201772926607,-0.318000966585411,-0.23180669189001,-0.411624865666471
"103",-0.641576370934543,-0.419168152945157,-0.756693073586878,-0.966202737804859,-0.602338049719084,-0.392257734091628,-0.618806499031895,-0.838610252263202,-0.556439911624511,-0.255437951998033,-0.464484479682342,-0.606226884538239,-0.232795880594252,-0.306222691606651,-0.480836037644978,-0.376231098354859,-0.395537761932614,-0.328273777420741,-0.426681848374721,-0.278414881198715,-0.324285605669403,-0.251939412741116,-0.481060829599152
"104",-1.16969703969289,-0.501321053989022,-0.928172275872662,-0.923148819121252,-1.20814268860828,-0.778041990858818,-0.930350287502641,-1.18968913428475,-1.13328523608716,-0.830712439202358,-0.822768937952808,-0.910541535221073,-0.336937079203664,-0.29420396433022,-0.444810106998375,-0.17411908052911,-0.246942031777216,-0.374177524734163,-0.326780083350848,-0.221071676966994,-0.342287489999189,-0.276137862243132,-0.328440322580043
"105",0.124042350046489,0.0859200534726855,0.365716250465525,0.276210344207807,-0.360016194163405,-0.0726079213416702,-0.15772169209519,0.449723859440867,-0.184281637777643,-0.224130496912084,-0.237877215477089,0.547163211259661,-0.253011023513058,-0.152985352066253,-0.16205933548276,-0.309354269134625,-0.325512675484533,-0.322831141385702,0.193026501221459,-0.195658971742559,-0.338142971023698,-0.0845146586861192,1.21656972143378
"106",-0.632201447820489,-0.790377557661883,-0.532211208776397,-1.27373072840205,-0.623719389915173,-0.800086805531228,-0.58765212018482,-1.06430381927705,-0.53038883245523,-0.905067645031489,-0.378741190523597,-1.17728647594306,-0.355116449241466,-0.204238848985736,-0.271716365807821,-0.269347003764047,-0.295201704986985,-0.333697783530553,-0.359466115542697,-0.192980221879763,-0.323329378433534,-0.168357122144207,-0.412742082717254
"107",1.03653486648103,0.883107463602049,0.995512593406039,1.0112022417351,1.05115225877849,0.379310779442751,1.09468433755721,1.27413230561646,1.06617016234783,0.652478245494506,0.885972324567878,1.58784417717503,0.347265105042777,-0.0672520033301297,1.02973607974202,0.416874900142872,0.0536031882762287,-0.161844422997413,0.429770476459915,-0.14936224828662,0.0485860089933927,0.0207371441114475,0.380667130678802
"108",0.542788915807544,1.09913916634703,0.571491293208465,0.0916935498494898,0.659161021850188,0.904712195801877,0.415518878690983,0.274184418430093,0.734949298624121,0.809015520924255,0.601182114147763,0.498322588310565,0.597600867901825,-0.0753873035838229,-0.373387524053619,-0.222825146104681,-0.0683633359139634,-0.21981561932323,-0.0167519572419588,-0.213866137478857,-0.217472267288146,-0.189242495881916,-0.256658780020129
"109",-0.869699500043177,-0.346143352017276,-0.681865785316718,-0.474157952849348,-0.491867792039289,-0.388583598312893,-0.565844054991868,-0.44051187711377,-0.493173005070543,-0.0989006765682851,-0.415488314448773,-0.418378334734021,-0.253891537148481,-0.29094865348717,-0.443881731669659,-0.281323902435598,-0.375974074061794,-0.24550276068986,-0.197802261026955,-0.250816907648166,-0.227878485016433,-0.254100207540615,-0.298017352876969
"110",-0.44470298553942,-0.340057951939952,-0.669394570605024,-0.037468206201332,-0.392088204457539,-0.359190512083011,-0.431880225949447,0.0265484212898948,-0.348031278270265,-0.427628954970757,-0.378741190523597,-0.0577091191099222,-0.407229186613557,-0.3171896743117,-0.137457073067641,-0.302692414022778,-0.372107747099898,-0.297999289422923,-0.164435760947277,-0.228848813985902,-0.39697056350377,-0.191604938143757,-0.338131170254127
"111",-0.819699910101559,-1.0033665603682,-0.438677098438697,-0.338845636986583,-0.620155833215825,-0.755997176186407,-0.375802344024713,-0.133317855344917,-0.601098904486135,-0.795491552230665,-0.32974502529003,-0.0727370030942596,-0.405604369584947,-0.285486224444464,-0.228602844668605,-0.227667175564434,-0.346084926762751,-0.245712026125944,-0.341254544315819,-0.126094157442717,-0.389372856196026,-0.240812891027999,-0.316889555603434
"112",-0.510327447337795,-0.553046954646271,-0.631980926469944,-0.166629962252154,-0.345761967366012,-0.84417643487605,-0.372686906140005,-0.0988368937178005,-0.526667249716761,-0.826799007316615,-0.452235438373949,-0.478489870671371,-0.312807936314285,-0.298399468434344,-0.26867586850077,-0.406929726771764,-0.418045509078642,-0.350585696338399,-0.362922753140721,-0.282891476301762,-0.436187341569484,-0.284995466758847,-0.410553719443888
"113",0.420914915324849,-0.0205744478804743,0.340773821042138,0.0855429900375459,0.156699527242088,0.000874794233032663,0.178745599453216,0.158203002047975,0.612137068254654,0.312009671434804,0.313329643400551,0.393127400420202,-0.387769287364309,-0.239769760903091,-0.194522798206416,-0.386723910436992,-0.423521469989291,-0.318658038225127,-0.341110442231301,-0.0530146874065812,-0.127376037944632,-0.199343934611234,-0.243796316892442
"114",-1.25094637334802,-1.05813516106411,-1.20253899952992,-1.46439808257231,-1.25090536900046,-1.27405032098806,-1.00823623462033,-1.34328614516918,-1.07746149501013,-1.10073923931867,-0.887076404821866,-1.40270473570813,-0.368992364967384,-0.313326470886347,0.411193230480102,-0.42250677719716,-0.447856507262807,-0.393562522653566,-0.318691922163139,-0.272895710861883,-0.413392910858573,-0.27439136403623,-0.519728400428176
"115",0.649038044433483,-0.267033151012072,0.209826066569358,-0.0743715650729953,-0.053550318019457,-0.509830079011152,-0.40384128498708,-0.0988368937178005,-0.258713292547017,-0.231957360683571,-0.234814955149991,-0.230529784929802,-0.0125912796894625,-0.247550761137286,-0.218434120882284,-0.230909265277203,-0.171009427144989,-0.252187435318944,-0.222686720021039,-0.235828380665277,-0.0754004895156488,-0.209223729385061,-0.052849447461177
"116",-0.407203293083207,-0.616943655458167,-0.525975601420551,-0.956976898086943,-0.719935420797575,-0.476762857002536,-0.547151427683623,-0.706955671505122,-0.400133436608826,-0.415888659313526,-0.259313037766776,-0.884242738248482,-0.416827782437275,-0.252044760129994,-0.492354876344813,-0.350119193405844,-0.398580589795663,-0.280346761461618,-0.434860511921224,-0.22919835769841,-0.288164319507874,-0.222068189367201,-0.445223483145989
"117",1.17715871319183,0.57883745973588,0.421836716668145,1.17419207675161,0.766067722830634,1.05902589850875,1.11337696486546,1.04843873860261,1.15176656533261,1.05947516161185,0.86759876260529,1.07689612170756,-0.106374713211038,-0.0769362969823494,-0.0814788169485554,-0.112889374994208,-0.103419720857033,-0.0983154696346756,-0.0595757903745509,-0.108607683437949,-0.119267988446716,-0.0901024896453289,-0.0680973507134418
"118",0.208416658072971,-0.169666749774897,0.714910262392939,-0.298866998208948,0.523745867274955,0.280109113416903,-0.0704894313233809,-0.0925676279674158,-0.22149746516233,0.527248425150708,0.0346639536346334,0.505836530302733,0.533381860345508,-0.0317493881423375,-0.100975621173267,0.321764438059382,0.343208979082139,-0.0663641017957123,-0.188465356792698,0.288813136687357,0.317150406446075,0.144174881270404,0.441953182884234
"119",0.274041119871345,0.840509663060786,-0.0302448166307389,0.0670913106017142,-0.181838359195993,0.000874794233032663,-0.288570083252904,0.126856673296051,-0.161952141346831,-0.177169314283159,-0.274624339402265,-0.189203103972874,0.731407683193633,-0.208650829672085,0.130234888132162,0.0611431507316056,0.0666329616545567,-0.288802249160929,-0.255545520039415,-0.212798914471063,0.12829006106923,-0.222585365295092,-0.349797391688557
"120",1.10528430265075,1.42775077052249,1.86226201586873,2.10292660835514,1.51441462969376,2.41110786508328,0.99810576313128,1.06411190297857,1.91841260945716,2.0574002924765,1.27181712578223,1.70431027805365,0.119100995378217,0.789855452429938,0.0476205576546325,0.712349365653193,1.98789232091321,9.21321897977543,0.563444074669315,0.499838529998208,0.643121596991784,10.6771219953936,2.27817463724338
"121",-0.804075038244803,-1.10986106172136,-0.631980926469944,-1.21222513028261,-1.1653800082161,-1.1417814329536,-0.811963647883758,-0.659936178377237,-1.04024566762544,-0.865933326174052,-0.776835033046338,-0.422135305730106,-0.365497404007276,-0.279580389285308,-0.353537468371213,-0.362149580411289,-0.38483737800602,-0.312016277287138,-0.330468385655857,-0.275392894762094,-0.358687957820499,-0.234983412246964,-0.270448867601399
"122",1.43340661164262,1.21780446785484,0.110056348875811,0.18702722693462,1.61419421727551,0.853274294899585,1.3003032379479,-0.0549520334651072,1.95190685410338,1.85781526630357,1.21975870022156,-0.358266798796671,0.606853625812161,-0.20286148747448,0.233855482654699,0.544343983572084,0.38575572543957,0.502766878551323,0.0285075973156573,0.451855869324951,0.601229175591772,0.263385427845522,0.00367634549650141
"123",-0.275954369486458,-0.279203951166718,0.409365501956452,0.227005865712255,0.45247473328799,-0.0358665635543188,0.265977860225025,0.0892410787937425,0.675403974808622,0.0654634626329507,0.301080602092159,0.310474038506346,0.475866702173693,-0.145976614764798,-0.255935833797638,-0.191881686977161,-0.00110852608754536,-0.0263028112625292,-0.117721571124713,-0.0400504237006452,0.0210530948730312,-0.154041182492033,0.0482473029778679
"124",-0.441578011168069,-0.528705354336978,-0.744221858875185,-0.0559198856371637,-0.18896547259469,-0.45104390655139,-0.431880225949447,0.173876166423937,-0.225219047900799,-0.228043928797828,-0.409363793794577,0.205278850615984,-0.369819850358359,-0.314250298115937,-0.163087404045164,-0.385694473102415,-0.442214786865961,-0.341109266030548,-0.232688183847382,-0.297481730914495,-0.42951443223173,-0.266939734195531,-0.390651216347651
"125",-0.0509562147491748,-0.613900955419505,-0.0894830865112827,0.100919389567406,-0.313689957071878,-0.741300633071466,-0.0954129344010406,0.0892410787937425,-0.199167968731518,-0.435455818742244,-0.188881050243521,0.205278850615984,-0.339967381131474,-0.278373519807262,-0.382381213948992,-0.339725400852496,-0.202335387195277,-0.32865233178364,-0.371871294601318,-0.232669768037028,-0.373830928293536,-0.204742087554114,-0.382097084167498
"126",0.0459179907627107,0.0980908536273317,0.334538213686291,0.509931617061674,0.552254320869741,0.331547014319195,0.315824866380344,0.396435100562596,0.65307447837781,0.300269375777573,0.423571015176079,0.599760805204843,-0.222739965172033,-0.201793420432916,-0.411392065272416,-0.180375114959497,-0.194910192033942,-0.31006545825827,-0.298298197696405,-0.133027416297602,-0.23877747921478,-0.0417929561873366,-0.0945539627793387
"127",-0.107205753433496,0.530154259117293,0.147469993010891,-0.117425483756603,-0.142639235503162,-0.168135451588784,-0.15772169209519,-0.192875879973572,-0.281042788977829,-0.419802091199269,-0.427737355757165,-0.621254768522577,-0.134689040806495,-0.109099599291594,-0.136626154293391,-0.267365971581147,-0.140822199853911,0.0100233104741385,-0.283484674035998,-0.213421418271992,-0.320083916394403,-0.221107468467713,-0.426489831059891
"128",-0.725950678961024,-1.28025226388642,-0.937525686906432,-0.996955536864578,-0.809024338281281,-1.2777244567668,-0.824425399422588,-0.813533189261663,-0.746240631286414,-1.23379592343396,-0.740087909121162,-0.71893601442077,-0.239032419893506,-0.255563651221491,-0.22882766580577,0.140073294767429,-0.301261396288953,0.107680457171389,-0.302796859902309,0.408350107844053,-0.313066251604123,-0.170209204292221,1.81419617903272
"129",-0.425953139311313,-0.808633757893854,-0.563389245555631,-0.738632024762935,-0.716371864098227,-0.932355693565694,-0.668653505187214,-0.512608433243194,-0.861609696178943,-1.2103153321195,-0.733963388466966,-1.02700763609969,-0.342901051095827,-0.221675684763944,-0.44016725299657,-0.300836925278944,-0.361123625605344,-0.308209867288589,-0.354481173773925,-0.230679805140596,-0.41809159864732,-0.224031002321456,-0.446420303363563
"130",-0.638451396563192,-0.574345854916903,-0.108189908578823,-0.800137622882374,-0.413469544653628,-0.469414585445066,-0.410072160756495,-0.612916685249351,-0.448514012208919,-0.451109546285219,-0.0878264594492868,-0.437163189714443,-0.389248689037185,-0.166706065498759,-0.419110938533548,-0.266645812388161,-0.248622753747207,-0.209442192097881,-0.22984749305904,-0.206743702250534,-0.187654203900514,-0.187524803885378,-0.212317535135919
"131",-0.463452831767527,-0.516534554182331,-0.435559294760774,-0.996955536864578,-0.331507740568619,-0.598009337700795,-0.325955337869393,-0.710090304380315,-0.184281637777643,-0.77983782468769,-0.268499818748069,-0.681366304459927,-0.371664872196485,-0.291262577452415,-0.46153184519625,-0.30628770059065,-0.3379674628176,-0.291554111256146,-0.405900565774592,-0.210566074641776,-0.303009491466383,-0.234735615403868,-0.459658171085213
"132",-0.269704420743756,-0.114898149078987,-0.444912705794544,-0.627921948147945,-0.253109493182958,-0.116697550686492,-0.13279818901753,-0.503204534617618,-0.150787393131425,-0.368927476684601,-0.262375298093873,-0.609983855534324,-0.156895762297736,-0.287167221100324,-0.445537542739426,-0.238639973128266,-0.234055656785313,-0.292748880330343,-0.339245884935634,-0.227297996476511,-0.347390856672074,-0.248985006743682,-0.513999000754936
"133",1.20840845690534,0.314122556372312,0.284653354839518,-0.092823244508827,0.726868599137803,0.493208988583541,0.378133624074494,0.220895659551823,0.649352895639341,0.679872268694712,0.441944577138667,0.363071632451527,-0.238585918114186,0.0797212499991292,-0.138386255722365,0.22944256359104,-0.0898904078429634,-0.0862558985683465,0.163497726477564,0.0359904767260033,0.140668719566398,-0.131140959965088,0.431607826629907
"134",-0.638451396563192,-0.583473955032888,-0.501033171997164,-0.806288182694318,-0.641537173411914,-0.616380016594471,-0.58765212018482,-0.851148783763972,-0.534110415193699,-0.678088595658354,-0.608410715055948,-0.906784564224989,-0.413266900099877,-0.298883115803683,-0.422862852569486,-0.431550759071217,-0.420994361454003,-0.369437546249194,-0.42455118979281,-0.294356420609026,-0.426643998087932,-0.265948256414605,-0.487702181683414
"135",-1.05719796232425,-0.720395456772664,-0.893876435415505,-1.24912848915428,-0.723498977496923,-0.627402423930677,-0.755885765959023,-0.876225846765511,-0.72763271759407,-0.560685639086042,-0.730901128139868,-1.17352950494698,-0.268773256040749,-0.243194629952068,-0.520658162173319,-0.288773977380625,-0.313104693191888,-0.265406104931034,-0.332235516266873,-0.215069100062483,-0.256666168224904,-0.259215350897534,-0.527763850693023
"136",-0.475952729252932,-0.607815555342182,-0.547800227166014,-0.406501794917965,-0.502558462137334,-0.447369770772655,-0.406956722871787,-0.239895373101457,-0.489451422332075,-0.650694572458148,-0.366492149215205,-0.223015842937634,-0.414734949987888,-0.298187480101412,-0.250473419595719,-0.385955657276439,-0.423676518149381,-0.375882957190783,-0.421872543216043,-0.30218804844726,-0.457029495871707,-0.273824639174237,-0.471373817169721
"137",-0.247829600144298,-0.206179150238838,-0.0395982276645092,-0.320393957550751,-0.124821452006422,-0.237944031384751,-0.288570083252904,-0.0737598307162615,-0.0651909901466451,-0.106727540339772,-0.115386802393169,0.212792792608153,-0.199380939047698,-0.261465680450569,-0.420557614015303,-0.321576508999911,-0.419859998047521,-0.348930373969534,-0.314360023224114,-0.265554592096285,-0.33606398717844,-0.243325824661648,-0.373059737523444
"138",0.0927926063329777,0.207628055019153,-0.0957186938671294,0.0117362722942192,0.284987568418623,0.97084663981911,0.253516108686195,0.396435100562596,0.440944262285095,0.488114106293271,0.206150531952121,0.340529806475021,-0.243230265241324,-0.300152540947137,1.80168870667457,0.935997164000747,0.128725996643961,0.607726792283474,-0.0907039039833423,-0.0659861661261523,-0.0853334559630359,-0.0264817118568358,-0.202561319081587
"139",-0.707200832732917,-1.25286796353846,-0.875169613347965,-1.26142960877817,-1.02283774024217,-1.18954519807715,-0.945927476926179,-0.926379972768589,-1.01791617119463,-1.26901681040565,-0.740087909121162,-1.10214705602138,-0.425518054084764,-0.286166871472912,-0.142821723185114,-0.41915231621873,-0.43169392312335,-0.383989571639392,-0.332797724166298,-0.327880438117248,-0.443819385295098,-0.290469256602672,-0.512831030694425
"140",-0.675951089019405,-0.902957459092366,-0.529093405098474,-0.391125395388105,-0.317253513771226,-0.454718042330125,-0.382033219794128,-0.24303000597665,-0.467121925901263,-0.208476769369109,0.00404135036365267,-0.253071610906309,-0.290688767353138,-0.184695558905268,-0.347263573274951,-0.265663260214869,-0.366790799113109,-0.324870480961726,-0.307799729579786,-0.189600901332483,-0.291613534785872,-0.151419094319183,-0.322715289129457
"141",-0.988448526154521,-0.303545551476012,-1.03729540459998,-0.400351235106021,-0.83040567847737,-0.417976684542774,-0.759001203843731,-0.537685496244733,-0.764848544978757,-0.455022978170962,-0.764585991737946,-0.516059580632214,-0.345364979951588,-0.273335421347775,-0.472063870408451,-0.35390424553079,-0.461185030830638,-0.336740142324715,-0.344682930377716,-0.272914312350604,-0.431446098672278,-0.261511520800494,-0.461036648502853
"142",0.999035174024812,0.892235563718034,0.652554188834472,0.663695612360271,1.34336390812505,1.28682231679033,1.15076221948195,0.402704366312981,1.08105649330171,1.04382143406888,1.01764951863309,0.355557690459359,-0.243925957170611,10.0258360288436,-0.326695031439438,0.937179807105465,0.00871123780250702,1.88799238350127,-0.0768796304961761,11.1349700490674,-0.0697668921345199,2.06913999201346,-0.252916758614625
"143",-0.547827139794009,-0.492192953873037,-0.37632102488023,1.03887976088885,-0.719935420797575,-0.498807671674947,-0.481727232104766,-0.174068082722418,-0.571326242578386,-0.638954276800917,-0.46754674000944,-0.147876423015946,-0.331798027012426,-0.25836004832872,0.285500414372124,-0.398002040792042,-0.445431258723882,-0.283127348662942,-0.252729734566367,-0.260845804024299,-0.331927269333261,-0.238569907017821,-0.402150466032077
"144",-0.207204933316733,0.810082662674169,0.191119244501817,-0.569491629934478,-0.516812688934726,-0.248966438720957,-0.406956722871787,-0.437377244238577,-0.496894587809012,0.088944053947413,-0.305246942673246,-0.583685058561733,0.422796452819077,-0.0868424346723517,-0.130488500358295,-0.278285320175007,-0.0941676099353063,-0.255655966138304,-0.178366418121075,-0.234898737576428,-0.188844130364102,-0.145961520197516,-0.556874772805378
"145",0.274041119871345,0.323250656488297,0.309595784262905,0.522232736685562,0.669851691948232,0.853274294899585,0.303363114841515,0.659744262078756,0.485603255146719,0.840322976010204,0.423571015176079,0.517107443290986,-0.27586794631878,-0.221660910362629,-0.209932967006853,-0.176098343467803,0.00763501700862707,-0.215265739348238,-0.0600708141804528,-0.193260348563507,-0.101705479647185,-0.238094001159158,-0.153464271676127
"146",0.0927926063329777,0.657947660741084,0.234768495992744,0.780556248787205,0.146008857144044,0.177233311612319,-0.176414319403435,0.609590136075677,0.0538996574843527,0.859890135438923,-0.029643513234425,0.475780762334058,-0.179059276772765,-0.191694638938858,-0.101967885564544,0.102287242415056,-0.0698208356661445,-0.263588453135938,0.316088453171906,-0.130541698894078,0.258005136280061,-0.208377607439305,0.320892654523113
"147",2.00840189597123,1.50381827148904,1.86226201586873,1.01735280154705,0.872974423811081,0.702634727971444,0.892180875051226,0.42778142931452,0.0687859884382275,0.198520146748237,-0.0939509801034835,-0.166661277996368,0.863271853563636,-0.00940455754243199,0.226783936460917,-0.0707762788837839,-0.142492163885628,-0.0129709319698745,-0.183459700324209,-0.223029367082984,-0.328743397241785,-0.225042169804891,-0.466221504202245
